Bank,Category,Metric,Unit,Year,Value
City Bank,BALANCE SHEET,Total Assets,Tk mn,2025,843341
City Bank,BALANCE SHEET,Total Assets,Tk mn,2024,698062
City Bank,BALANCE SHEET,Total Assets,Tk mn,2023,555738
City Bank,BALANCE SHEET,Total Assets,Tk mn,2022,506847
City Bank,BALANCE SHEET,Total Assets,Tk mn,2021,416902
City Bank,BALANCE SHEET,Total Assets,Tk mn,2020,382926
City Bank,BALANCE SHEET,Total Assets,Tk mn,2019,354689
City Bank,BALANCE SHEET,Total Assets,Tk mn,2018,324780
City Bank,BALANCE SHEET,Total Assets,Tk mn,2017,275531
City Bank,BALANCE SHEET,Total Assets,Tk mn,2016,254776
City Bank,BALANCE SHEET,Total Assets,Tk mn,2015,210221
City Bank,BALANCE SHEET,"Loans & Advances, gross",Tk mn,2025,506201
City Bank,BALANCE SHEET,"Loans & Advances, gross",Tk mn,2024,444978
City Bank,BALANCE SHEET,"Loans & Advances, gross",Tk mn,2023,396078
City Bank,BALANCE SHEET,"Loans & Advances, gross",Tk mn,2022,354774
City Bank,BALANCE SHEET,"Loans & Advances, gross",Tk mn,2021,286380
City Bank,BALANCE SHEET,"Loans & Advances, gross",Tk mn,2020,268202
City Bank,BALANCE SHEET,"Loans & Advances, gross",Tk mn,2019,246944
City Bank,BALANCE SHEET,"Loans & Advances, gross",Tk mn,2018,231391
City Bank,BALANCE SHEET,"Loans & Advances, gross",Tk mn,2017,196596
City Bank,BALANCE SHEET,"Loans & Advances, gross",Tk mn,2016,175025
City Bank,BALANCE SHEET,"Loans & Advances, gross",Tk mn,2015,143088
City Bank,BALANCE SHEET,Total Deposits,Tk mn,2025,631642
City Bank,BALANCE SHEET,Total Deposits,Tk mn,2024,514204
City Bank,BALANCE SHEET,Total Deposits,Tk mn,2023,392510
City Bank,BALANCE SHEET,Total Deposits,Tk mn,2022,331890
City Bank,BALANCE SHEET,Total Deposits,Tk mn,2021,282064
City Bank,BALANCE SHEET,Total Deposits,Tk mn,2020,254781
City Bank,BALANCE SHEET,Total Deposits,Tk mn,2019,246704
City Bank,BALANCE SHEET,Total Deposits,Tk mn,2018,205170
City Bank,BALANCE SHEET,Total Deposits,Tk mn,2017,183493
City Bank,BALANCE SHEET,Total Deposits,Tk mn,2016,174695
City Bank,BALANCE SHEET,Total Deposits,Tk mn,2015,143729
City Bank,BALANCE SHEET,Shareholders' Equity,Tk mn,2025,61102
City Bank,BALANCE SHEET,Shareholders' Equity,Tk mn,2024,46121
City Bank,BALANCE SHEET,Shareholders' Equity,Tk mn,2023,37220
City Bank,BALANCE SHEET,Shareholders' Equity,Tk mn,2022,32845
City Bank,BALANCE SHEET,Shareholders' Equity,Tk mn,2021,31224
City Bank,BALANCE SHEET,Shareholders' Equity,Tk mn,2020,28818
City Bank,BALANCE SHEET,Shareholders' Equity,Tk mn,2019,25416
City Bank,BALANCE SHEET,Shareholders' Equity,Tk mn,2018,24430
City Bank,BALANCE SHEET,Shareholders' Equity,Tk mn,2017,24869
City Bank,BALANCE SHEET,Shareholders' Equity,Tk mn,2016,20653
City Bank,BALANCE SHEET,Shareholders' Equity,Tk mn,2015,20890
City Bank,INCOME STATEMENT,Net Interest Income,Tk mn,2025,2847
City Bank,INCOME STATEMENT,Net Interest Income,Tk mn,2024,14742
City Bank,INCOME STATEMENT,Net Interest Income,Tk mn,2023,15831
City Bank,INCOME STATEMENT,Net Interest Income,Tk mn,2022,12359
City Bank,INCOME STATEMENT,Net Interest Income,Tk mn,2021,12048
City Bank,INCOME STATEMENT,Net Interest Income,Tk mn,2020,8363
City Bank,INCOME STATEMENT,Net Interest Income,Tk mn,2019,10832
City Bank,INCOME STATEMENT,Net Interest Income,Tk mn,2018,9201
City Bank,INCOME STATEMENT,Net Interest Income,Tk mn,2017,7495
City Bank,INCOME STATEMENT,Net Interest Income,Tk mn,2016,6477
City Bank,INCOME STATEMENT,Net Interest Income,Tk mn,2015,5506
City Bank,INCOME STATEMENT,Non-Interest Income,Tk mn,2025,9443
City Bank,INCOME STATEMENT,Non-Interest Income,Tk mn,2024,8431
City Bank,INCOME STATEMENT,Non-Interest Income,Tk mn,2023,7063
City Bank,INCOME STATEMENT,Non-Interest Income,Tk mn,2022,8624
City Bank,INCOME STATEMENT,Non-Interest Income,Tk mn,2021,6776
City Bank,INCOME STATEMENT,Non-Interest Income,Tk mn,2020,4936
City Bank,INCOME STATEMENT,Non-Interest Income,Tk mn,2019,5367
City Bank,INCOME STATEMENT,Non-Interest Income,Tk mn,2018,4859
City Bank,INCOME STATEMENT,Non-Interest Income,Tk mn,2017,4630
City Bank,INCOME STATEMENT,Non-Interest Income,Tk mn,2016,3173
City Bank,INCOME STATEMENT,Non-Interest Income,Tk mn,2015,2888
City Bank,INCOME STATEMENT,Net Profit After Tax,Tk mn,2025,13059
City Bank,INCOME STATEMENT,Net Profit After Tax,Tk mn,2024,10851
City Bank,INCOME STATEMENT,Net Profit After Tax,Tk mn,2023,6151
City Bank,INCOME STATEMENT,Net Profit After Tax,Tk mn,2022,4508
City Bank,INCOME STATEMENT,Net Profit After Tax,Tk mn,2021,4743
City Bank,INCOME STATEMENT,Net Profit After Tax,Tk mn,2020,4012
City Bank,INCOME STATEMENT,Net Profit After Tax,Tk mn,2019,2472
City Bank,INCOME STATEMENT,Net Profit After Tax,Tk mn,2018,2018
City Bank,INCOME STATEMENT,Net Profit After Tax,Tk mn,2017,3628
City Bank,INCOME STATEMENT,Net Profit After Tax,Tk mn,2016,3956
City Bank,INCOME STATEMENT,Net Profit After Tax,Tk mn,2015,3600
City Bank,PER-SHARE & PROFITABILITY,EPS,BDT,2025,8.6
City Bank,PER-SHARE & PROFITABILITY,EPS,BDT,2024,8.1
City Bank,PER-SHARE & PROFITABILITY,EPS,BDT,2023,5
City Bank,PER-SHARE & PROFITABILITY,EPS,BDT,2022,3.8
City Bank,PER-SHARE & PROFITABILITY,EPS,BDT,2021,4.4
City Bank,PER-SHARE & PROFITABILITY,EPS,BDT,2020,3.9
City Bank,PER-SHARE & PROFITABILITY,EPS,BDT,2019,2.4
City Bank,PER-SHARE & PROFITABILITY,EPS,BDT,2018,2.1
City Bank,PER-SHARE & PROFITABILITY,EPS,BDT,2017,4.1
City Bank,PER-SHARE & PROFITABILITY,EPS,BDT,2016,4.5
City Bank,PER-SHARE & PROFITABILITY,EPS,BDT,2015,4.1
City Bank,PER-SHARE & PROFITABILITY,ROA %,%,2025,1.7
City Bank,PER-SHARE & PROFITABILITY,ROA %,%,2024,1.7
City Bank,PER-SHARE & PROFITABILITY,ROA %,%,2023,1.2
City Bank,PER-SHARE & PROFITABILITY,ROA %,%,2022,1
City Bank,PER-SHARE & PROFITABILITY,ROA %,%,2021,1.2
City Bank,PER-SHARE & PROFITABILITY,ROA %,%,2020,1.1
City Bank,PER-SHARE & PROFITABILITY,ROA %,%,2019,0.7
City Bank,PER-SHARE & PROFITABILITY,ROA %,%,2018,0.7
City Bank,PER-SHARE & PROFITABILITY,ROA %,%,2017,1.4
City Bank,PER-SHARE & PROFITABILITY,ROA %,%,2016,1.7
City Bank,PER-SHARE & PROFITABILITY,ROA %,%,2015,1.9
City Bank,PER-SHARE & PROFITABILITY,ROE %,%,2025,24.4
City Bank,PER-SHARE & PROFITABILITY,ROE %,%,2024,26
City Bank,PER-SHARE & PROFITABILITY,ROE %,%,2023,17.6
City Bank,PER-SHARE & PROFITABILITY,ROE %,%,2022,14.1
City Bank,PER-SHARE & PROFITABILITY,ROE %,%,2021,15.8
City Bank,PER-SHARE & PROFITABILITY,ROE %,%,2020,14.8
City Bank,PER-SHARE & PROFITABILITY,ROE %,%,2019,9.9
City Bank,PER-SHARE & PROFITABILITY,ROE %,%,2018,8.2
City Bank,PER-SHARE & PROFITABILITY,ROE %,%,2017,15.9
City Bank,PER-SHARE & PROFITABILITY,ROE %,%,2016,19
City Bank,PER-SHARE & PROFITABILITY,ROE %,%,2015,18.3
City Bank,ASSET QUALITY,NPL % (gross),%,2025,2.5
City Bank,ASSET QUALITY,NPL % (gross),%,2024,3.7
City Bank,ASSET QUALITY,NPL % (gross),%,2023,3.6
City Bank,ASSET QUALITY,NPL % (gross),%,2022,3.9
City Bank,ASSET QUALITY,NPL % (gross),%,2021,4.9
City Bank,ASSET QUALITY,NPL % (gross),%,2020,4
City Bank,ASSET QUALITY,NPL % (gross),%,2019,5.8
City Bank,ASSET QUALITY,NPL % (gross),%,2018,5.3
City Bank,ASSET QUALITY,NPL % (gross),%,2017,5.4
City Bank,ASSET QUALITY,NPL % (gross),%,2016,6
City Bank,ASSET QUALITY,NPL % (gross),%,2015,7.6
City Bank,ASSET QUALITY,NPL amount,Tk mn,2025,12669
City Bank,ASSET QUALITY,NPL amount,Tk mn,2024,16569
City Bank,ASSET QUALITY,NPL amount,Tk mn,2023,14385
City Bank,ASSET QUALITY,NPL amount,Tk mn,2022,13671
City Bank,ASSET QUALITY,NPL amount,Tk mn,2021,13906
City Bank,ASSET QUALITY,NPL amount,Tk mn,2020,10850
City Bank,ASSET QUALITY,NPL amount,Tk mn,2019,14244
City Bank,ASSET QUALITY,NPL amount,Tk mn,2018,12326
City Bank,ASSET QUALITY,NPL amount,Tk mn,2017,10678
City Bank,ASSET QUALITY,NPL amount,Tk mn,2016,10582
City Bank,ASSET QUALITY,NPL amount,Tk mn,2015,10845
City Bank,ASSET QUALITY,Provision Coverage %,%,2025,127
City Bank,ASSET QUALITY,Provision Coverage %,%,2024,106.8
City Bank,ASSET QUALITY,Provision Coverage %,%,2023,110.1
City Bank,ASSET QUALITY,Provision Coverage %,%,2022,104.7
City Bank,ASSET QUALITY,Provision Coverage %,%,2021,90.1
City Bank,ASSET QUALITY,Provision Coverage %,%,2020,83.8
City Bank,ASSET QUALITY,Provision Coverage %,%,2019,71
City Bank,ASSET QUALITY,Provision Coverage %,%,2018,64.6
City Bank,ASSET QUALITY,Provision Coverage %,%,2017,56.7
City Bank,ASSET QUALITY,Provision Coverage %,%,2016,59.6
City Bank,ASSET QUALITY,Provision Coverage %,%,2015,57.5
City Bank,ASSET QUALITY,Loan-Deposit Ratio %,%,2025,71.3
City Bank,ASSET QUALITY,Loan-Deposit Ratio %,%,2024,74.7
City Bank,ASSET QUALITY,Loan-Deposit Ratio %,%,2023,83.7
City Bank,ASSET QUALITY,Loan-Deposit Ratio %,%,2022,83.2
City Bank,ASSET QUALITY,Loan-Deposit Ratio %,%,2021,84.7
City Bank,ASSET QUALITY,Loan-Deposit Ratio %,%,2020,74.7
City Bank,ASSET QUALITY,Loan-Deposit Ratio %,%,2019,79.1
City Bank,ASSET QUALITY,Loan-Deposit Ratio %,%,2018,82.5
City Bank,ASSET QUALITY,Loan-Deposit Ratio %,%,2017,84.9
City Bank,ASSET QUALITY,Loan-Deposit Ratio %,%,2016,80.4
City Bank,ASSET QUALITY,Loan-Deposit Ratio %,%,2015,79.2
City Bank,CAPITAL & EFFICIENCY,Capital Adequacy Ratio %,%,2025,15.7
City Bank,CAPITAL & EFFICIENCY,Capital Adequacy Ratio %,%,2024,16
City Bank,CAPITAL & EFFICIENCY,Capital Adequacy Ratio %,%,2023,15.8
City Bank,CAPITAL & EFFICIENCY,Capital Adequacy Ratio %,%,2022,14.5
City Bank,CAPITAL & EFFICIENCY,Capital Adequacy Ratio %,%,2021,14.2
City Bank,CAPITAL & EFFICIENCY,Capital Adequacy Ratio %,%,2020,15.5
City Bank,CAPITAL & EFFICIENCY,Capital Adequacy Ratio %,%,2019,15.2
City Bank,CAPITAL & EFFICIENCY,Capital Adequacy Ratio %,%,2018,13.4
City Bank,CAPITAL & EFFICIENCY,Capital Adequacy Ratio %,%,2017,14.7
City Bank,CAPITAL & EFFICIENCY,Capital Adequacy Ratio %,%,2016,13.2
City Bank,CAPITAL & EFFICIENCY,Capital Adequacy Ratio %,%,2015,13.2
City Bank,CAPITAL & EFFICIENCY,Cost-to-Income Ratio %,%,2025,43.7
City Bank,CAPITAL & EFFICIENCY,Cost-to-Income Ratio %,%,2024,42.1
City Bank,CAPITAL & EFFICIENCY,Cost-to-Income Ratio %,%,2023,51.1
City Bank,CAPITAL & EFFICIENCY,Cost-to-Income Ratio %,%,2022,51.9
City Bank,CAPITAL & EFFICIENCY,Cost-to-Income Ratio %,%,2021,48.6
City Bank,CAPITAL & EFFICIENCY,Cost-to-Income Ratio %,%,2020,57.9
City Bank,CAPITAL & EFFICIENCY,Cost-to-Income Ratio %,%,2019,54.7
City Bank,CAPITAL & EFFICIENCY,Cost-to-Income Ratio %,%,2018,58
City Bank,CAPITAL & EFFICIENCY,Cost-to-Income Ratio %,%,2017,53.9
City Bank,CAPITAL & EFFICIENCY,Cost-to-Income Ratio %,%,2016,47.6
City Bank,CAPITAL & EFFICIENCY,Cost-to-Income Ratio %,%,2015,47.6
City Bank,DERIVED METRICS (formulas),NPL / Total Assets %,%,2025,1.5022393077059
City Bank,DERIVED METRICS (formulas),NPL / Total Assets %,%,2024,2.37357140196716
City Bank,DERIVED METRICS (formulas),NPL / Total Assets %,%,2023,2.58844995303542
City Bank,DERIVED METRICS (formulas),NPL / Total Assets %,%,2022,2.69726367128542
City Bank,DERIVED METRICS (formulas),NPL / Total Assets %,%,2021,3.33555607792719
City Bank,DERIVED METRICS (formulas),NPL / Total Assets %,%,2020,2.83344562657015
City Bank,DERIVED METRICS (formulas),NPL / Total Assets %,%,2019,4.01591253182365
City Bank,DERIVED METRICS (formulas),NPL / Total Assets %,%,2018,3.79518443253895
City Bank,DERIVED METRICS (formulas),NPL / Total Assets %,%,2017,3.875425995623
City Bank,DERIVED METRICS (formulas),NPL / Total Assets %,%,2016,4.15345244450027
City Bank,DERIVED METRICS (formulas),NPL / Total Assets %,%,2015,5.15885663183031
City Bank,DERIVED METRICS (formulas),YoY NPAT growth %,%,2025,0.203483549903235
City Bank,DERIVED METRICS (formulas),YoY NPAT growth %,%,2024,0.764103397821492
City Bank,DERIVED METRICS (formulas),YoY NPAT growth %,%,2023,0.364463176574978
City Bank,DERIVED METRICS (formulas),YoY NPAT growth %,%,2022,-0.0495467004005904
City Bank,DERIVED METRICS (formulas),YoY NPAT growth %,%,2021,0.182203389830508
City Bank,DERIVED METRICS (formulas),YoY NPAT growth %,%,2020,0.622977346278317
City Bank,DERIVED METRICS (formulas),YoY NPAT growth %,%,2019,0.224975222993062
City Bank,DERIVED METRICS (formulas),YoY NPAT growth %,%,2018,-0.443770672546858
City Bank,DERIVED METRICS (formulas),YoY NPAT growth %,%,2017,-0.082912032355915
City Bank,DERIVED METRICS (formulas),YoY NPAT growth %,%,2016,0.0988888888888888
City Bank,DERIVED METRICS (formulas),YoY NPAT growth %,%,2015,
City Bank,DERIVED METRICS (formulas),YoY Total Assets growth %,%,2025,0.208117617059803
City Bank,DERIVED METRICS (formulas),YoY Total Assets growth %,%,2024,0.256099097056527
City Bank,DERIVED METRICS (formulas),YoY Total Assets growth %,%,2023,0.0964610622140409
City Bank,DERIVED METRICS (formulas),YoY Total Assets growth %,%,2022,0.215746146576414
City Bank,DERIVED METRICS (formulas),YoY Total Assets growth %,%,2021,0.0887273259063108
City Bank,DERIVED METRICS (formulas),YoY Total Assets growth %,%,2020,0.0796105884309917
City Bank,DERIVED METRICS (formulas),YoY Total Assets growth %,%,2019,0.0920900301742718
City Bank,DERIVED METRICS (formulas),YoY Total Assets growth %,%,2018,0.178742137908257
City Bank,DERIVED METRICS (formulas),YoY Total Assets growth %,%,2017,0.081463717147612
City Bank,DERIVED METRICS (formulas),YoY Total Assets growth %,%,2016,0.211943621236699
City Bank,DERIVED METRICS (formulas),YoY Total Assets growth %,%,2015,
IFIC Bank,BALANCE SHEET,Total Assets,Tk mn,2025,586402.1
IFIC Bank,BALANCE SHEET,Total Assets,Tk mn,2024,565693.6
IFIC Bank,BALANCE SHEET,Total Assets,Tk mn,2023,529936.5
IFIC Bank,BALANCE SHEET,Total Assets,Tk mn,2022,470548.02
IFIC Bank,BALANCE SHEET,Total Assets,Tk mn,2021,410402.92
IFIC Bank,BALANCE SHEET,Total Assets,Tk mn,2020,363412
IFIC Bank,BALANCE SHEET,Total Assets,Tk mn,2019,316950
IFIC Bank,BALANCE SHEET,Total Assets,Tk mn,2018,283073
IFIC Bank,BALANCE SHEET,Total Assets,Tk mn,2017,253249
IFIC Bank,BALANCE SHEET,Total Assets,Tk mn,2016,200251.06
IFIC Bank,BALANCE SHEET,Total Assets,Tk mn,2015,180737.39
IFIC Bank,BALANCE SHEET,Loans & Advances,Tk mn,2025,443295
IFIC Bank,BALANCE SHEET,Loans & Advances,Tk mn,2024,447266.1
IFIC Bank,BALANCE SHEET,Loans & Advances,Tk mn,2023,414982.8
IFIC Bank,BALANCE SHEET,Loans & Advances,Tk mn,2022,355858.87
IFIC Bank,BALANCE SHEET,Loans & Advances,Tk mn,2021,306333.35
IFIC Bank,BALANCE SHEET,Loans & Advances,Tk mn,2020,260650
IFIC Bank,BALANCE SHEET,Loans & Advances,Tk mn,2019,228589
IFIC Bank,BALANCE SHEET,Loans & Advances,Tk mn,2018,206930
IFIC Bank,BALANCE SHEET,Loans & Advances,Tk mn,2017,179264
IFIC Bank,BALANCE SHEET,Loans & Advances,Tk mn,2016,141258.76
IFIC Bank,BALANCE SHEET,Loans & Advances,Tk mn,2015,125668.04
IFIC Bank,BALANCE SHEET,Total Deposits,Tk mn,2025,517162
IFIC Bank,BALANCE SHEET,Total Deposits,Tk mn,2024,474592
IFIC Bank,BALANCE SHEET,Total Deposits,Tk mn,2023,442071.4
IFIC Bank,BALANCE SHEET,Total Deposits,Tk mn,2022,375552.71
IFIC Bank,BALANCE SHEET,Total Deposits,Tk mn,2021,332751.26
IFIC Bank,BALANCE SHEET,Total Deposits,Tk mn,2020,296374
IFIC Bank,BALANCE SHEET,Total Deposits,Tk mn,2019,258368
IFIC Bank,BALANCE SHEET,Total Deposits,Tk mn,2018,226364
IFIC Bank,BALANCE SHEET,Total Deposits,Tk mn,2017,200206
IFIC Bank,BALANCE SHEET,Total Deposits,Tk mn,2016,160132.62
IFIC Bank,BALANCE SHEET,Total Deposits,Tk mn,2015,146848.21
IFIC Bank,BALANCE SHEET,Shareholders' Equity,Tk mn,2025,5658.3
IFIC Bank,BALANCE SHEET,Shareholders' Equity,Tk mn,2024,31045.4
IFIC Bank,BALANCE SHEET,Shareholders' Equity,Tk mn,2023,36125.3
IFIC Bank,BALANCE SHEET,Shareholders' Equity,Tk mn,2022,33609
IFIC Bank,BALANCE SHEET,Shareholders' Equity,Tk mn,2021,30236.31
IFIC Bank,BALANCE SHEET,Shareholders' Equity,Tk mn,2020,25217
IFIC Bank,BALANCE SHEET,Shareholders' Equity,Tk mn,2019,24597
IFIC Bank,BALANCE SHEET,Shareholders' Equity,Tk mn,2018,22116
IFIC Bank,BALANCE SHEET,Shareholders' Equity,Tk mn,2017,20539
IFIC Bank,BALANCE SHEET,Shareholders' Equity,Tk mn,2016,13922.4
IFIC Bank,BALANCE SHEET,Shareholders' Equity,Tk mn,2015,12370.38
IFIC Bank,INCOME STATEMENT,Net Interest Income,Tk mn,2025,-22094.7
IFIC Bank,INCOME STATEMENT,Net Interest Income,Tk mn,2024,2733.6
IFIC Bank,INCOME STATEMENT,Net Interest Income,Tk mn,2023,8377
IFIC Bank,INCOME STATEMENT,Net Interest Income,Tk mn,2022,8099
IFIC Bank,INCOME STATEMENT,Net Interest Income,Tk mn,2021,7165
IFIC Bank,INCOME STATEMENT,Net Interest Income,Tk mn,2020,2864
IFIC Bank,INCOME STATEMENT,Net Interest Income,Tk mn,2019,6398
IFIC Bank,INCOME STATEMENT,Net Interest Income,Tk mn,2018,4560
IFIC Bank,INCOME STATEMENT,Net Interest Income,Tk mn,2017,5492
IFIC Bank,INCOME STATEMENT,Net Interest Income,Tk mn,2016,4405.43
IFIC Bank,INCOME STATEMENT,Net Interest Income,Tk mn,2015,3774.51
IFIC Bank,INCOME STATEMENT,Non-Interest Income,Tk mn,2025,10182.5
IFIC Bank,INCOME STATEMENT,Non-Interest Income,Tk mn,2024,8823.6
IFIC Bank,INCOME STATEMENT,Non-Interest Income,Tk mn,2023,7282.6
IFIC Bank,INCOME STATEMENT,Non-Interest Income,Tk mn,2022,7458
IFIC Bank,INCOME STATEMENT,Non-Interest Income,Tk mn,2021,7188
IFIC Bank,INCOME STATEMENT,Non-Interest Income,Tk mn,2020,5560
IFIC Bank,INCOME STATEMENT,Non-Interest Income,Tk mn,2019,4722
IFIC Bank,INCOME STATEMENT,Non-Interest Income,Tk mn,2018,4441
IFIC Bank,INCOME STATEMENT,Non-Interest Income,Tk mn,2017,4270
IFIC Bank,INCOME STATEMENT,Non-Interest Income,Tk mn,2016,4247.43
IFIC Bank,INCOME STATEMENT,Non-Interest Income,Tk mn,2015,4305.47
IFIC Bank,INCOME STATEMENT,Net Profit After Tax,Tk mn,2025,-25616.9
IFIC Bank,INCOME STATEMENT,Net Profit After Tax,Tk mn,2024,-1024.7
IFIC Bank,INCOME STATEMENT,Net Profit After Tax,Tk mn,2023,3005.2
IFIC Bank,INCOME STATEMENT,Net Profit After Tax,Tk mn,2022,3442
IFIC Bank,INCOME STATEMENT,Net Profit After Tax,Tk mn,2021,2541
IFIC Bank,INCOME STATEMENT,Net Profit After Tax,Tk mn,2020,562
IFIC Bank,INCOME STATEMENT,Net Profit After Tax,Tk mn,2019,2444
IFIC Bank,INCOME STATEMENT,Net Profit After Tax,Tk mn,2018,1570
IFIC Bank,INCOME STATEMENT,Net Profit After Tax,Tk mn,2017,2068
IFIC Bank,INCOME STATEMENT,Net Profit After Tax,Tk mn,2016,1582.53
IFIC Bank,INCOME STATEMENT,Net Profit After Tax,Tk mn,2015,1057.14
IFIC Bank,PER-SHARE & PROFITABILITY,EPS,BDT,2025,-13.33
IFIC Bank,PER-SHARE & PROFITABILITY,EPS,BDT,2024,-0.53
IFIC Bank,PER-SHARE & PROFITABILITY,EPS,BDT,2023,1.56
IFIC Bank,PER-SHARE & PROFITABILITY,EPS,BDT,2022,1.93
IFIC Bank,PER-SHARE & PROFITABILITY,EPS,BDT,2021,1.42
IFIC Bank,PER-SHARE & PROFITABILITY,EPS,BDT,2020,0.35
IFIC Bank,PER-SHARE & PROFITABILITY,EPS,BDT,2019,1.51
IFIC Bank,PER-SHARE & PROFITABILITY,EPS,BDT,2018,1.07
IFIC Bank,PER-SHARE & PROFITABILITY,EPS,BDT,2017,1.54
IFIC Bank,PER-SHARE & PROFITABILITY,EPS,BDT,2016,2.81
IFIC Bank,PER-SHARE & PROFITABILITY,EPS,BDT,2015,1.87
IFIC Bank,PER-SHARE & PROFITABILITY,ROA %,%,2025,-4.45
IFIC Bank,PER-SHARE & PROFITABILITY,ROA %,%,2024,-0.19
IFIC Bank,PER-SHARE & PROFITABILITY,ROA %,%,2023,0.57
IFIC Bank,PER-SHARE & PROFITABILITY,ROA %,%,2022,0.78
IFIC Bank,PER-SHARE & PROFITABILITY,ROA %,%,2021,0.61
IFIC Bank,PER-SHARE & PROFITABILITY,ROA %,%,2020,0.2
IFIC Bank,PER-SHARE & PROFITABILITY,ROA %,%,2019,0.8
IFIC Bank,PER-SHARE & PROFITABILITY,ROA %,%,2018,0.6
IFIC Bank,PER-SHARE & PROFITABILITY,ROA %,%,2017,0.9
IFIC Bank,PER-SHARE & PROFITABILITY,ROA %,%,2016,0.65
IFIC Bank,PER-SHARE & PROFITABILITY,ROA %,%,2015,0.53
IFIC Bank,PER-SHARE & PROFITABILITY,ROE %,%,2025,-139.59
IFIC Bank,PER-SHARE & PROFITABILITY,ROE %,%,2024,-3.25
IFIC Bank,PER-SHARE & PROFITABILITY,ROE %,%,2023,8.32
IFIC Bank,PER-SHARE & PROFITABILITY,ROE %,%,2022,10.24
IFIC Bank,PER-SHARE & PROFITABILITY,ROE %,%,2021,8.4
IFIC Bank,PER-SHARE & PROFITABILITY,ROE %,%,2020,2.3
IFIC Bank,PER-SHARE & PROFITABILITY,ROE %,%,2019,10.5
IFIC Bank,PER-SHARE & PROFITABILITY,ROE %,%,2018,7.4
IFIC Bank,PER-SHARE & PROFITABILITY,ROE %,%,2017,12.4
IFIC Bank,PER-SHARE & PROFITABILITY,ROE %,%,2016,9.46
IFIC Bank,PER-SHARE & PROFITABILITY,ROE %,%,2015,7.61
IFIC Bank,ASSET QUALITY,Loan-Deposit Ratio %,%,2025,84.19
IFIC Bank,ASSET QUALITY,Loan-Deposit Ratio %,%,2024,91.34
IFIC Bank,ASSET QUALITY,Loan-Deposit Ratio %,%,2023,93.9
IFIC Bank,ASSET QUALITY,Loan-Deposit Ratio %,%,2022,94.76
IFIC Bank,ASSET QUALITY,Loan-Deposit Ratio %,%,2021,92.06
IFIC Bank,ASSET QUALITY,Loan-Deposit Ratio %,%,2020,82.4
IFIC Bank,ASSET QUALITY,Loan-Deposit Ratio %,%,2019,84.08
IFIC Bank,ASSET QUALITY,Loan-Deposit Ratio %,%,2018,86.83
IFIC Bank,ASSET QUALITY,Loan-Deposit Ratio %,%,2017,85.04
IFIC Bank,ASSET QUALITY,Loan-Deposit Ratio %,%,2016,85.62
IFIC Bank,ASSET QUALITY,Loan-Deposit Ratio %,%,2015,83.96
IFIC Bank,ASSET QUALITY,NPL % (gross),%,2025,61.47
IFIC Bank,ASSET QUALITY,NPL % (gross),%,2024,54.97
IFIC Bank,ASSET QUALITY,NPL % (gross),%,2023,7.99
IFIC Bank,ASSET QUALITY,NPL % (gross),%,2022,5.61
IFIC Bank,ASSET QUALITY,NPL % (gross),%,2021,6.09
IFIC Bank,ASSET QUALITY,NPL % (gross),%,2020,3.97
IFIC Bank,ASSET QUALITY,NPL % (gross),%,2019,5.37
IFIC Bank,ASSET QUALITY,NPL % (gross),%,2018,6.16
IFIC Bank,ASSET QUALITY,NPL % (gross),%,2017,6.4
IFIC Bank,ASSET QUALITY,NPL % (gross),%,2016,5.29
IFIC Bank,ASSET QUALITY,NPL % (gross),%,2015,6.46
IFIC Bank,ASSET QUALITY,Provision Coverage %,%,2025,2.91
IFIC Bank,ASSET QUALITY,Provision Coverage %,%,2024,5.46
IFIC Bank,ASSET QUALITY,Provision Coverage %,%,2023,44
IFIC Bank,ASSET QUALITY,Provision Coverage %,%,2022,66.11
IFIC Bank,ASSET QUALITY,Provision Coverage %,%,2021,54.47
IFIC Bank,ASSET QUALITY,Provision Coverage %,%,2020,75.8
IFIC Bank,ASSET QUALITY,Provision Coverage %,%,2019,49.2
IFIC Bank,ASSET QUALITY,Provision Coverage %,%,2018,46.7
IFIC Bank,ASSET QUALITY,Provision Coverage %,%,2017,51.5
IFIC Bank,ASSET QUALITY,Provision Coverage %,%,2016,32.48
IFIC Bank,ASSET QUALITY,Provision Coverage %,%,2015,33.92
IFIC Bank,CAPITAL & EFFICIENCY,CRAR % (Group),%,2025,2.45
IFIC Bank,CAPITAL & EFFICIENCY,CRAR % (Group),%,2024,7.96
IFIC Bank,CAPITAL & EFFICIENCY,CRAR % (Group),%,2023,12.74
IFIC Bank,CAPITAL & EFFICIENCY,CRAR % (Group),%,2022,13.62
IFIC Bank,CAPITAL & EFFICIENCY,CRAR % (Group),%,2021,13.89
IFIC Bank,CAPITAL & EFFICIENCY,CRAR % (Group),%,2020,12.96
IFIC Bank,CAPITAL & EFFICIENCY,CRAR % (Group),%,2019,13.42
IFIC Bank,CAPITAL & EFFICIENCY,CRAR % (Group),%,2018,12.99
IFIC Bank,CAPITAL & EFFICIENCY,CRAR % (Group),%,2017,13.06
IFIC Bank,CAPITAL & EFFICIENCY,CRAR % (Group),%,2016,11.73
IFIC Bank,CAPITAL & EFFICIENCY,CRAR % (Group),%,2015,10.24
IFIC Bank,CAPITAL & EFFICIENCY,Cost-to-Income Ratio % (Group),%,2025,-101.27
IFIC Bank,CAPITAL & EFFICIENCY,Cost-to-Income Ratio % (Group),%,2024,98.73
IFIC Bank,CAPITAL & EFFICIENCY,Cost-to-Income Ratio % (Group),%,2023,65.3
IFIC Bank,CAPITAL & EFFICIENCY,Cost-to-Income Ratio % (Group),%,2022,54.17
IFIC Bank,CAPITAL & EFFICIENCY,Cost-to-Income Ratio % (Group),%,2021,47.05
IFIC Bank,CAPITAL & EFFICIENCY,Cost-to-Income Ratio % (Group),%,2020,65.4
IFIC Bank,CAPITAL & EFFICIENCY,Cost-to-Income Ratio % (Group),%,2019,54.9
IFIC Bank,CAPITAL & EFFICIENCY,Cost-to-Income Ratio % (Group),%,2018,
IFIC Bank,CAPITAL & EFFICIENCY,Cost-to-Income Ratio % (Group),%,2017,
IFIC Bank,CAPITAL & EFFICIENCY,Cost-to-Income Ratio % (Group),%,2016,60.02
IFIC Bank,CAPITAL & EFFICIENCY,Cost-to-Income Ratio % (Group),%,2015,55.3
IFIC Bank,DERIVED METRICS ,Estimated NPL amount (NPL% x Loans),Tk mn,2025,272493.4365
IFIC Bank,DERIVED METRICS ,Estimated NPL amount (NPL% x Loans),Tk mn,2024,245862.17517
IFIC Bank,DERIVED METRICS ,Estimated NPL amount (NPL% x Loans),Tk mn,2023,33157.12572
IFIC Bank,DERIVED METRICS ,Estimated NPL amount (NPL% x Loans),Tk mn,2022,19963.682607
IFIC Bank,DERIVED METRICS ,Estimated NPL amount (NPL% x Loans),Tk mn,2021,18655.701015
IFIC Bank,DERIVED METRICS ,Estimated NPL amount (NPL% x Loans),Tk mn,2020,10347.805
IFIC Bank,DERIVED METRICS ,Estimated NPL amount (NPL% x Loans),Tk mn,2019,12275.2293
IFIC Bank,DERIVED METRICS ,Estimated NPL amount (NPL% x Loans),Tk mn,2018,12746.888
IFIC Bank,DERIVED METRICS ,Estimated NPL amount (NPL% x Loans),Tk mn,2017,11472.896
IFIC Bank,DERIVED METRICS ,Estimated NPL amount (NPL% x Loans),Tk mn,2016,7472.588404
IFIC Bank,DERIVED METRICS ,Estimated NPL amount (NPL% x Loans),Tk mn,2015,8118.155384
IFIC Bank,DERIVED METRICS ,NPL / Total Assets % (estimated),%,2025,46.468700657791
IFIC Bank,DERIVED METRICS ,NPL / Total Assets % (estimated),%,2024,43.4620747291467
IFIC Bank,DERIVED METRICS ,NPL / Total Assets % (estimated),%,2023,6.25681109340459
IFIC Bank,DERIVED METRICS ,NPL / Total Assets % (estimated),%,2022,4.24264511983283
IFIC Bank,DERIVED METRICS ,NPL / Total Assets % (estimated),%,2021,4.54570377203944
IFIC Bank,DERIVED METRICS ,NPL / Total Assets % (estimated),%,2020,2.84740322278846
IFIC Bank,DERIVED METRICS ,NPL / Total Assets % (estimated),%,2019,3.87292295314718
IFIC Bank,DERIVED METRICS ,NPL / Total Assets % (estimated),%,2018,4.50303914537946
IFIC Bank,DERIVED METRICS ,NPL / Total Assets % (estimated),%,2017,4.53028284415733
IFIC Bank,DERIVED METRICS ,NPL / Total Assets % (estimated),%,2016,3.73160991207737
IFIC Bank,DERIVED METRICS ,NPL / Total Assets % (estimated),%,2015,4.49168563516381
IFIC Bank,DERIVED METRICS ,YoY NPAT growth %,%,2025,-25.9994144627696
IFIC Bank,DERIVED METRICS ,YoY NPAT growth %,%,2024,-1.34097564222015
IFIC Bank,DERIVED METRICS ,YoY NPAT growth %,%,2023,-0.126902963393376
IFIC Bank,DERIVED METRICS ,YoY NPAT growth %,%,2022,0.354584809130264
IFIC Bank,DERIVED METRICS ,YoY NPAT growth %,%,2021,3.52135231316726
IFIC Bank,DERIVED METRICS ,YoY NPAT growth %,%,2020,-0.770049099836334
IFIC Bank,DERIVED METRICS ,YoY NPAT growth %,%,2019,0.556687898089172
IFIC Bank,DERIVED METRICS ,YoY NPAT growth %,%,2018,-0.240812379110251
IFIC Bank,DERIVED METRICS ,YoY NPAT growth %,%,2017,0.306768276114829
IFIC Bank,DERIVED METRICS ,YoY NPAT growth %,%,2016,0.496991883761848
IFIC Bank,DERIVED METRICS ,YoY NPAT growth %,%,2015,
IFIC Bank,DERIVED METRICS ,YoY Equity growth %,%,2025,-0.817741114625677
IFIC Bank,DERIVED METRICS ,YoY Equity growth %,%,2024,-0.140618901434729
IFIC Bank,DERIVED METRICS ,YoY Equity growth %,%,2023,0.0748698265345593
IFIC Bank,DERIVED METRICS ,YoY Equity growth %,%,2022,0.111544365036607
IFIC Bank,DERIVED METRICS ,YoY Equity growth %,%,2021,0.199044692072808
IFIC Bank,DERIVED METRICS ,YoY Equity growth %,%,2020,0.0252063259747124
IFIC Bank,DERIVED METRICS ,YoY Equity growth %,%,2019,0.11218122626153
IFIC Bank,DERIVED METRICS ,YoY Equity growth %,%,2018,0.0767807585568918
IFIC Bank,DERIVED METRICS ,YoY Equity growth %,%,2017,0.475248520370051
IFIC Bank,DERIVED METRICS ,YoY Equity growth %,%,2016,0.125462596945284
IFIC Bank,DERIVED METRICS ,YoY Equity growth %,%,2015,
Bank Asia Ltd,BALANCE SHEET,Total Assets,Tk mn,2025,589486.81
Bank Asia Ltd,BALANCE SHEET,Total Assets,Tk mn,2024,532901.82
Bank Asia Ltd,BALANCE SHEET,Total Assets,Tk mn,2023,474147.76
Bank Asia Ltd,BALANCE SHEET,Total Assets,Tk mn,2022,468400.94
Bank Asia Ltd,BALANCE SHEET,Total Assets,Tk mn,2021,438293.29
Bank Asia Ltd,BALANCE SHEET,Total Assets,Tk mn,2020,408717.15
Bank Asia Ltd,BALANCE SHEET,Total Assets,Tk mn,2019,353800.37
Bank Asia Ltd,BALANCE SHEET,Total Assets,Tk mn,2018,307291.4
Bank Asia Ltd,BALANCE SHEET,Total Assets,Tk mn,2017,288996.64
Bank Asia Ltd,BALANCE SHEET,Total Assets,Tk mn,2016,253195.7
Bank Asia Ltd,BALANCE SHEET,Total Assets,Tk mn,2015,224347
Bank Asia Ltd,BALANCE SHEET,Loans & Advances,Tk mn,2025,294682.3
Bank Asia Ltd,BALANCE SHEET,Loans & Advances,Tk mn,2024,293725.6
Bank Asia Ltd,BALANCE SHEET,Loans & Advances,Tk mn,2023,291325.04
Bank Asia Ltd,BALANCE SHEET,Loans & Advances,Tk mn,2022,277870.36
Bank Asia Ltd,BALANCE SHEET,Loans & Advances,Tk mn,2021,262266.7
Bank Asia Ltd,BALANCE SHEET,Loans & Advances,Tk mn,2020,244642.03
Bank Asia Ltd,BALANCE SHEET,Loans & Advances,Tk mn,2019,227298.96
Bank Asia Ltd,BALANCE SHEET,Loans & Advances,Tk mn,2018,214618.15
Bank Asia Ltd,BALANCE SHEET,Loans & Advances,Tk mn,2017,197504.14
Bank Asia Ltd,BALANCE SHEET,Loans & Advances,Tk mn,2016,163609.78
Bank Asia Ltd,BALANCE SHEET,Loans & Advances,Tk mn,2015,136396.32
Bank Asia Ltd,BALANCE SHEET,Total Deposits,Tk mn,2025,456482.91
Bank Asia Ltd,BALANCE SHEET,Total Deposits,Tk mn,2024,416559.45
Bank Asia Ltd,BALANCE SHEET,Total Deposits,Tk mn,2023,361536.3
Bank Asia Ltd,BALANCE SHEET,Total Deposits,Tk mn,2022,337695.42
Bank Asia Ltd,BALANCE SHEET,Total Deposits,Tk mn,2021,317782.43
Bank Asia Ltd,BALANCE SHEET,Total Deposits,Tk mn,2020,303028.11
Bank Asia Ltd,BALANCE SHEET,Total Deposits,Tk mn,2019,253709.57
Bank Asia Ltd,BALANCE SHEET,Total Deposits,Tk mn,2018,222471.72
Bank Asia Ltd,BALANCE SHEET,Total Deposits,Tk mn,2017,207041.47
Bank Asia Ltd,BALANCE SHEET,Total Deposits,Tk mn,2016,191272.58
Bank Asia Ltd,BALANCE SHEET,Total Deposits,Tk mn,2015,169827
Bank Asia Ltd,BALANCE SHEET,Shareholders' Equity,Tk mn,2025,35228.64
Bank Asia Ltd,BALANCE SHEET,Shareholders' Equity,Tk mn,2024,31842.29
Bank Asia Ltd,BALANCE SHEET,Shareholders' Equity,Tk mn,2023,29519.53
Bank Asia Ltd,BALANCE SHEET,Shareholders' Equity,Tk mn,2022,28640.25
Bank Asia Ltd,BALANCE SHEET,Shareholders' Equity,Tk mn,2021,27356.64
Bank Asia Ltd,BALANCE SHEET,Shareholders' Equity,Tk mn,2020,27380.9
Bank Asia Ltd,BALANCE SHEET,Shareholders' Equity,Tk mn,2019,24745.12
Bank Asia Ltd,BALANCE SHEET,Shareholders' Equity,Tk mn,2018,23340.13
Bank Asia Ltd,BALANCE SHEET,Shareholders' Equity,Tk mn,2017,21054.49
Bank Asia Ltd,BALANCE SHEET,Shareholders' Equity,Tk mn,2016,19038.48
Bank Asia Ltd,BALANCE SHEET,Shareholders' Equity,Tk mn,2015,N/A
Bank Asia Ltd,INCOME STATEMENT,Net Interest Income,Tk mn,2025,-1377.09
Bank Asia Ltd,INCOME STATEMENT,Net Interest Income,Tk mn,2024,6029.97
Bank Asia Ltd,INCOME STATEMENT,Net Interest Income,Tk mn,2023,6233.07
Bank Asia Ltd,INCOME STATEMENT,Net Interest Income,Tk mn,2022,5506.73
Bank Asia Ltd,INCOME STATEMENT,Net Interest Income,Tk mn,2021,5639.88
Bank Asia Ltd,INCOME STATEMENT,Net Interest Income,Tk mn,2020,3185.32
Bank Asia Ltd,INCOME STATEMENT,Net Interest Income,Tk mn,2019,8400.76
Bank Asia Ltd,INCOME STATEMENT,Net Interest Income,Tk mn,2018,7902.69
Bank Asia Ltd,INCOME STATEMENT,Net Interest Income,Tk mn,2017,5570.01
Bank Asia Ltd,INCOME STATEMENT,Net Interest Income,Tk mn,2016,3968.45
Bank Asia Ltd,INCOME STATEMENT,Net Interest Income,Tk mn,2015,N/A
Bank Asia Ltd,INCOME STATEMENT,Non-Interest Income,Tk mn,2025,9042.32
Bank Asia Ltd,INCOME STATEMENT,Non-Interest Income,Tk mn,2024,7812.95
Bank Asia Ltd,INCOME STATEMENT,Non-Interest Income,Tk mn,2023,7532.73
Bank Asia Ltd,INCOME STATEMENT,Non-Interest Income,Tk mn,2022,8596.86
Bank Asia Ltd,INCOME STATEMENT,Non-Interest Income,Tk mn,2021,6609.12
Bank Asia Ltd,INCOME STATEMENT,Non-Interest Income,Tk mn,2020,4462.27
Bank Asia Ltd,INCOME STATEMENT,Non-Interest Income,Tk mn,2019,4456.4
Bank Asia Ltd,INCOME STATEMENT,Non-Interest Income,Tk mn,2018,4015.84
Bank Asia Ltd,INCOME STATEMENT,Non-Interest Income,Tk mn,2017,4120.56
Bank Asia Ltd,INCOME STATEMENT,Non-Interest Income,Tk mn,2016,3756.18
Bank Asia Ltd,INCOME STATEMENT,Non-Interest Income,Tk mn,2015,N/A
Bank Asia Ltd,INCOME STATEMENT,Net Profit After Tax,Tk mn,2025,4455.82
Bank Asia Ltd,INCOME STATEMENT,Net Profit After Tax,Tk mn,2024,2774.6
Bank Asia Ltd,INCOME STATEMENT,Net Profit After Tax,Tk mn,2023,2395.8
Bank Asia Ltd,INCOME STATEMENT,Net Profit After Tax,Tk mn,2022,3045.87
Bank Asia Ltd,INCOME STATEMENT,Net Profit After Tax,Tk mn,2021,2706.74
Bank Asia Ltd,INCOME STATEMENT,Net Profit After Tax,Tk mn,2020,2035.71
Bank Asia Ltd,INCOME STATEMENT,Net Profit After Tax,Tk mn,2019,1960.81
Bank Asia Ltd,INCOME STATEMENT,Net Profit After Tax,Tk mn,2018,2266.28
Bank Asia Ltd,INCOME STATEMENT,Net Profit After Tax,Tk mn,2017,2047.53
Bank Asia Ltd,INCOME STATEMENT,Net Profit After Tax,Tk mn,2016,1545.91
Bank Asia Ltd,INCOME STATEMENT,Net Profit After Tax,Tk mn,2015,N/A
Bank Asia Ltd,PER-SHARE & PROFITABILITY,EPS,BDT,2025,3.19
Bank Asia Ltd,PER-SHARE & PROFITABILITY,EPS,BDT,2024,1.88
Bank Asia Ltd,PER-SHARE & PROFITABILITY,EPS,BDT,2023,1.72
Bank Asia Ltd,PER-SHARE & PROFITABILITY,EPS,BDT,2022,2.61
Bank Asia Ltd,PER-SHARE & PROFITABILITY,EPS,BDT,2021,2.32
Bank Asia Ltd,PER-SHARE & PROFITABILITY,EPS,BDT,2020,1.75
Bank Asia Ltd,PER-SHARE & PROFITABILITY,EPS,BDT,2019,1.68
Bank Asia Ltd,PER-SHARE & PROFITABILITY,EPS,BDT,2018,1.94
Bank Asia Ltd,PER-SHARE & PROFITABILITY,EPS,BDT,2017,1.84
Bank Asia Ltd,PER-SHARE & PROFITABILITY,EPS,BDT,2016,1.57
Bank Asia Ltd,PER-SHARE & PROFITABILITY,EPS,BDT,2015,N/A
Bank Asia Ltd,PER-SHARE & PROFITABILITY,ROA %,%,2025,0.79
Bank Asia Ltd,PER-SHARE & PROFITABILITY,ROA %,%,2024,0.55
Bank Asia Ltd,PER-SHARE & PROFITABILITY,ROA %,%,2023,0.51
Bank Asia Ltd,PER-SHARE & PROFITABILITY,ROA %,%,2022,0.67
Bank Asia Ltd,PER-SHARE & PROFITABILITY,ROA %,%,2021,0.64
Bank Asia Ltd,PER-SHARE & PROFITABILITY,ROA %,%,2020,0.53
Bank Asia Ltd,PER-SHARE & PROFITABILITY,ROA %,%,2019,0.59
Bank Asia Ltd,PER-SHARE & PROFITABILITY,ROA %,%,2018,0.76
Bank Asia Ltd,PER-SHARE & PROFITABILITY,ROA %,%,2017,0.76
Bank Asia Ltd,PER-SHARE & PROFITABILITY,ROA %,%,2016,0.65
Bank Asia Ltd,PER-SHARE & PROFITABILITY,ROA %,%,2015,N/A
Bank Asia Ltd,PER-SHARE & PROFITABILITY,ROE %,%,2025,13.29
Bank Asia Ltd,PER-SHARE & PROFITABILITY,ROE %,%,2024,9.04
Bank Asia Ltd,PER-SHARE & PROFITABILITY,ROE %,%,2023,8.24
Bank Asia Ltd,PER-SHARE & PROFITABILITY,ROE %,%,2022,10.88
Bank Asia Ltd,PER-SHARE & PROFITABILITY,ROE %,%,2021,9.89
Bank Asia Ltd,PER-SHARE & PROFITABILITY,ROE %,%,2020,7.81
Bank Asia Ltd,PER-SHARE & PROFITABILITY,ROE %,%,2019,8.16
Bank Asia Ltd,PER-SHARE & PROFITABILITY,ROE %,%,2018,10.21
Bank Asia Ltd,PER-SHARE & PROFITABILITY,ROE %,%,2017,10.21
Bank Asia Ltd,PER-SHARE & PROFITABILITY,ROE %,%,2016,8.13
Bank Asia Ltd,PER-SHARE & PROFITABILITY,ROE %,%,2015,N/A
Bank Asia Ltd,ASSET QUALITY,Loan-Deposit Ratio %,%,2025,55.77
Bank Asia Ltd,ASSET QUALITY,Loan-Deposit Ratio %,%,2024,64.13
Bank Asia Ltd,ASSET QUALITY,Loan-Deposit Ratio %,%,2023,72.48
Bank Asia Ltd,ASSET QUALITY,Loan-Deposit Ratio %,%,2022,68.17
Bank Asia Ltd,ASSET QUALITY,Loan-Deposit Ratio %,%,2021,65.58
Bank Asia Ltd,ASSET QUALITY,Loan-Deposit Ratio %,%,2020,69.42
Bank Asia Ltd,ASSET QUALITY,Loan-Deposit Ratio %,%,2019,76.47
Bank Asia Ltd,ASSET QUALITY,Loan-Deposit Ratio %,%,2018,81.75
Bank Asia Ltd,ASSET QUALITY,Loan-Deposit Ratio %,%,2017,81.88
Bank Asia Ltd,ASSET QUALITY,Loan-Deposit Ratio %,%,2016,76.15
Bank Asia Ltd,ASSET QUALITY,Loan-Deposit Ratio %,%,2015,N/A
Bank Asia Ltd,ASSET QUALITY,NPL % (gross),%,2025,8.38
Bank Asia Ltd,ASSET QUALITY,NPL % (gross),%,2024,11.4
Bank Asia Ltd,ASSET QUALITY,NPL % (gross),%,2023,6.7
Bank Asia Ltd,ASSET QUALITY,NPL % (gross),%,2022,4.87
Bank Asia Ltd,ASSET QUALITY,NPL % (gross),%,2021,5.14
Bank Asia Ltd,ASSET QUALITY,NPL % (gross),%,2020,3.24
Bank Asia Ltd,ASSET QUALITY,NPL % (gross),%,2019,4.61
Bank Asia Ltd,ASSET QUALITY,NPL % (gross),%,2018,4.1
Bank Asia Ltd,ASSET QUALITY,NPL % (gross),%,2017,4.38
Bank Asia Ltd,ASSET QUALITY,NPL % (gross),%,2016,5.41
Bank Asia Ltd,ASSET QUALITY,NPL % (gross),%,2015,N/A
Bank Asia Ltd,ASSET QUALITY,Provision Coverage %,%,2025,91.05
Bank Asia Ltd,ASSET QUALITY,Provision Coverage %,%,2024,67.75
Bank Asia Ltd,ASSET QUALITY,Provision Coverage %,%,2023,80.06
Bank Asia Ltd,ASSET QUALITY,Provision Coverage %,%,2022,77.79
Bank Asia Ltd,ASSET QUALITY,Provision Coverage %,%,2021,54.12
Bank Asia Ltd,ASSET QUALITY,Provision Coverage %,%,2020,51.96
Bank Asia Ltd,ASSET QUALITY,Provision Coverage %,%,2019,43.93
Bank Asia Ltd,ASSET QUALITY,Provision Coverage %,%,2018,44.19
Bank Asia Ltd,ASSET QUALITY,Provision Coverage %,%,2017,43.27
Bank Asia Ltd,ASSET QUALITY,Provision Coverage %,%,2016,50.8
Bank Asia Ltd,ASSET QUALITY,Provision Coverage %,%,2015,N/A
Bank Asia Ltd,CAPITAL & EFFICIENCY,CRAR % (Group),%,2025,15.13
Bank Asia Ltd,CAPITAL & EFFICIENCY,CRAR % (Group),%,2024,15.61
Bank Asia Ltd,CAPITAL & EFFICIENCY,CRAR % (Group),%,2023,16.45
Bank Asia Ltd,CAPITAL & EFFICIENCY,CRAR % (Group),%,2022,17.7
Bank Asia Ltd,CAPITAL & EFFICIENCY,CRAR % (Group),%,2021,15.72
Bank Asia Ltd,CAPITAL & EFFICIENCY,CRAR % (Group),%,2020,16.93
Bank Asia Ltd,CAPITAL & EFFICIENCY,CRAR % (Group),%,2019,17.93
Bank Asia Ltd,CAPITAL & EFFICIENCY,CRAR % (Group),%,2018,15.05
Bank Asia Ltd,CAPITAL & EFFICIENCY,CRAR % (Group),%,2017,14.89
Bank Asia Ltd,CAPITAL & EFFICIENCY,CRAR % (Group),%,2016,12.42
Bank Asia Ltd,CAPITAL & EFFICIENCY,CRAR % (Group),%,2015,80.31%*
Bank Asia Ltd,CAPITAL & EFFICIENCY,Cost-to-Income Ratio % (Group),%,2025,35.73
Bank Asia Ltd,CAPITAL & EFFICIENCY,Cost-to-Income Ratio % (Group),%,2024,37
Bank Asia Ltd,CAPITAL & EFFICIENCY,Cost-to-Income Ratio % (Group),%,2023,45.02
Bank Asia Ltd,CAPITAL & EFFICIENCY,Cost-to-Income Ratio % (Group),%,2022,47.14
Bank Asia Ltd,CAPITAL & EFFICIENCY,Cost-to-Income Ratio % (Group),%,2021,44.93
Bank Asia Ltd,CAPITAL & EFFICIENCY,Cost-to-Income Ratio % (Group),%,2020,54.42
Bank Asia Ltd,CAPITAL & EFFICIENCY,Cost-to-Income Ratio % (Group),%,2019,42.33
Bank Asia Ltd,CAPITAL & EFFICIENCY,Cost-to-Income Ratio % (Group),%,2018,42.93
Bank Asia Ltd,CAPITAL & EFFICIENCY,Cost-to-Income Ratio % (Group),%,2017,44.12
Bank Asia Ltd,CAPITAL & EFFICIENCY,Cost-to-Income Ratio % (Group),%,2016,44.35
Bank Asia Ltd,CAPITAL & EFFICIENCY,Cost-to-Income Ratio % (Group),%,2015,N/A
Bank Asia Ltd,CAPITAL & EFFICIENCY,DERIVED METRICS,,2025,
Bank Asia Ltd,CAPITAL & EFFICIENCY,DERIVED METRICS,,2024,
Bank Asia Ltd,CAPITAL & EFFICIENCY,DERIVED METRICS,,2023,
Bank Asia Ltd,CAPITAL & EFFICIENCY,DERIVED METRICS,,2022,
Bank Asia Ltd,CAPITAL & EFFICIENCY,DERIVED METRICS,,2021,
Bank Asia Ltd,CAPITAL & EFFICIENCY,DERIVED METRICS,,2020,
Bank Asia Ltd,CAPITAL & EFFICIENCY,DERIVED METRICS,,2019,
Bank Asia Ltd,CAPITAL & EFFICIENCY,DERIVED METRICS,,2018,
Bank Asia Ltd,CAPITAL & EFFICIENCY,DERIVED METRICS,,2017,
Bank Asia Ltd,CAPITAL & EFFICIENCY,DERIVED METRICS,,2016,
Bank Asia Ltd,CAPITAL & EFFICIENCY,DERIVED METRICS,,2015,N/A
Bank Asia Ltd,CAPITAL & EFFICIENCY,Estimated NPL amount (NPL% x Loans),Tk mn,2025,24698.37
Bank Asia Ltd,CAPITAL & EFFICIENCY,Estimated NPL amount (NPL% x Loans),Tk mn,2024,33484.72
Bank Asia Ltd,CAPITAL & EFFICIENCY,Estimated NPL amount (NPL% x Loans),Tk mn,2023,19518.78
Bank Asia Ltd,CAPITAL & EFFICIENCY,Estimated NPL amount (NPL% x Loans),Tk mn,2022,13532.3
Bank Asia Ltd,CAPITAL & EFFICIENCY,Estimated NPL amount (NPL% x Loans),Tk mn,2021,13480.51
Bank Asia Ltd,CAPITAL & EFFICIENCY,Estimated NPL amount (NPL% x Loans),Tk mn,2020,7926.4
Bank Asia Ltd,CAPITAL & EFFICIENCY,Estimated NPL amount (NPL% x Loans),Tk mn,2019,10478.48
Bank Asia Ltd,CAPITAL & EFFICIENCY,Estimated NPL amount (NPL% x Loans),Tk mn,2018,8799.34
Bank Asia Ltd,CAPITAL & EFFICIENCY,Estimated NPL amount (NPL% x Loans),Tk mn,2017,8650.68
Bank Asia Ltd,CAPITAL & EFFICIENCY,Estimated NPL amount (NPL% x Loans),Tk mn,2016,8851.29
Bank Asia Ltd,CAPITAL & EFFICIENCY,Estimated NPL amount (NPL% x Loans),Tk mn,2015,
Bank Asia Ltd,CAPITAL & EFFICIENCY,NPL / Total Assets % (estimated),%,2025,4.19
Bank Asia Ltd,CAPITAL & EFFICIENCY,NPL / Total Assets % (estimated),%,2024,6.28
Bank Asia Ltd,CAPITAL & EFFICIENCY,NPL / Total Assets % (estimated),%,2023,4.12
Bank Asia Ltd,CAPITAL & EFFICIENCY,NPL / Total Assets % (estimated),%,2022,2.89
Bank Asia Ltd,CAPITAL & EFFICIENCY,NPL / Total Assets % (estimated),%,2021,3.08
Bank Asia Ltd,CAPITAL & EFFICIENCY,NPL / Total Assets % (estimated),%,2020,1.94
Bank Asia Ltd,CAPITAL & EFFICIENCY,NPL / Total Assets % (estimated),%,2019,2.96
Bank Asia Ltd,CAPITAL & EFFICIENCY,NPL / Total Assets % (estimated),%,2018,2.86
Bank Asia Ltd,CAPITAL & EFFICIENCY,NPL / Total Assets % (estimated),%,2017,2.99
Bank Asia Ltd,CAPITAL & EFFICIENCY,NPL / Total Assets % (estimated),%,2016,3.5
Bank Asia Ltd,CAPITAL & EFFICIENCY,NPL / Total Assets % (estimated),%,2015,N/A
Bank Asia Ltd,CAPITAL & EFFICIENCY,YoY NPAT growth %,%,2025,60.6
Bank Asia Ltd,CAPITAL & EFFICIENCY,YoY NPAT growth %,%,2024,15.81
Bank Asia Ltd,CAPITAL & EFFICIENCY,YoY NPAT growth %,%,2023,-21.34
Bank Asia Ltd,CAPITAL & EFFICIENCY,YoY NPAT growth %,%,2022,12.53
Bank Asia Ltd,CAPITAL & EFFICIENCY,YoY NPAT growth %,%,2021,32.96
Bank Asia Ltd,CAPITAL & EFFICIENCY,YoY NPAT growth %,%,2020,3.82
Bank Asia Ltd,CAPITAL & EFFICIENCY,YoY NPAT growth %,%,2019,-13.48
Bank Asia Ltd,CAPITAL & EFFICIENCY,YoY NPAT growth %,%,2018,10.68
Bank Asia Ltd,CAPITAL & EFFICIENCY,YoY NPAT growth %,%,2017,32.44
Bank Asia Ltd,CAPITAL & EFFICIENCY,YoY NPAT growth %,%,2016,N/A
Bank Asia Ltd,CAPITAL & EFFICIENCY,YoY NPAT growth %,%,2015,N/A
Bank Asia Ltd,CAPITAL & EFFICIENCY,YoY Equity growth %,%,2025,10.63
Bank Asia Ltd,CAPITAL & EFFICIENCY,YoY Equity growth %,%,2024,7.87
Bank Asia Ltd,CAPITAL & EFFICIENCY,YoY Equity growth %,%,2023,3.07
Bank Asia Ltd,CAPITAL & EFFICIENCY,YoY Equity growth %,%,2022,4.69
Bank Asia Ltd,CAPITAL & EFFICIENCY,YoY Equity growth %,%,2021,-0.09
Bank Asia Ltd,CAPITAL & EFFICIENCY,YoY Equity growth %,%,2020,10.65
Bank Asia Ltd,CAPITAL & EFFICIENCY,YoY Equity growth %,%,2019,6.02
Bank Asia Ltd,CAPITAL & EFFICIENCY,YoY Equity growth %,%,2018,10.86
Bank Asia Ltd,CAPITAL & EFFICIENCY,YoY Equity growth %,%,2017,10.59
Bank Asia Ltd,CAPITAL & EFFICIENCY,YoY Equity growth %,%,2016,N/A
Bank Asia Ltd,CAPITAL & EFFICIENCY,YoY Equity growth %,%,2015,N/A
BRAC Bank Ltd,BALANCE SHEET,Total Assets,Tk mn,2025,1179672
BRAC Bank Ltd,BALANCE SHEET,Total Assets,Tk mn,2024,930133
BRAC Bank Ltd,BALANCE SHEET,Total Assets,Tk mn,2023,726723
BRAC Bank Ltd,BALANCE SHEET,Total Assets,Tk mn,2022,563271
BRAC Bank Ltd,BALANCE SHEET,Total Assets,Tk mn,2021,449084
BRAC Bank Ltd,BALANCE SHEET,Total Assets,Tk mn,2020,397502
BRAC Bank Ltd,BALANCE SHEET,Total Assets,Tk mn,2019,369404
BRAC Bank Ltd,BALANCE SHEET,Total Assets,Tk mn,2018,315417
BRAC Bank Ltd,BALANCE SHEET,Total Assets,Tk mn,2017,279187
BRAC Bank Ltd,BALANCE SHEET,Total Assets,Tk mn,2016,248605
BRAC Bank Ltd,BALANCE SHEET,Total Assets,Tk mn,2015,224493
BRAC Bank Ltd,BALANCE SHEET,Loans & Advances,Tk mn,2025,730659
BRAC Bank Ltd,BALANCE SHEET,Loans & Advances,Tk mn,2024,623372
BRAC Bank Ltd,BALANCE SHEET,Loans & Advances,Tk mn,2023,519452
BRAC Bank Ltd,BALANCE SHEET,Loans & Advances,Tk mn,2022,410676
BRAC Bank Ltd,BALANCE SHEET,Loans & Advances,Tk mn,2021,321212
BRAC Bank Ltd,BALANCE SHEET,Loans & Advances,Tk mn,2020,273063
BRAC Bank Ltd,BALANCE SHEET,Loans & Advances,Tk mn,2019,264091
BRAC Bank Ltd,BALANCE SHEET,Loans & Advances,Tk mn,2018,238008
BRAC Bank Ltd,BALANCE SHEET,Loans & Advances,Tk mn,2017,202559
BRAC Bank Ltd,BALANCE SHEET,Loans & Advances,Tk mn,2016,173612
BRAC Bank Ltd,BALANCE SHEET,Loans & Advances,Tk mn,2015,147434
BRAC Bank Ltd,BALANCE SHEET,Total Deposits,Tk mn,2025,889517
BRAC Bank Ltd,BALANCE SHEET,Total Deposits,Tk mn,2024,689433
BRAC Bank Ltd,BALANCE SHEET,Total Deposits,Tk mn,2023,513909
BRAC Bank Ltd,BALANCE SHEET,Total Deposits,Tk mn,2022,384467
BRAC Bank Ltd,BALANCE SHEET,Total Deposits,Tk mn,2021,314591
BRAC Bank Ltd,BALANCE SHEET,Total Deposits,Tk mn,2020,289054
BRAC Bank Ltd,BALANCE SHEET,Total Deposits,Tk mn,2019,268309
BRAC Bank Ltd,BALANCE SHEET,Total Deposits,Tk mn,2018,233509
BRAC Bank Ltd,BALANCE SHEET,Total Deposits,Tk mn,2017,196224
BRAC Bank Ltd,BALANCE SHEET,Total Deposits,Tk mn,2016,168860
BRAC Bank Ltd,BALANCE SHEET,Total Deposits,Tk mn,2015,143321
BRAC Bank Ltd,BALANCE SHEET,Shareholders' Equity,Tk mn,2025,99702
BRAC Bank Ltd,BALANCE SHEET,Shareholders' Equity,Tk mn,2024,75797
BRAC Bank Ltd,BALANCE SHEET,Shareholders' Equity,Tk mn,2023,63782
BRAC Bank Ltd,BALANCE SHEET,Shareholders' Equity,Tk mn,2022,58418
BRAC Bank Ltd,BALANCE SHEET,Shareholders' Equity,Tk mn,2021,54419
BRAC Bank Ltd,BALANCE SHEET,Shareholders' Equity,Tk mn,2020,46955
BRAC Bank Ltd,BALANCE SHEET,Shareholders' Equity,Tk mn,2019,38919
BRAC Bank Ltd,BALANCE SHEET,Shareholders' Equity,Tk mn,2018,31638
BRAC Bank Ltd,BALANCE SHEET,Shareholders' Equity,Tk mn,2017,25991
BRAC Bank Ltd,BALANCE SHEET,Shareholders' Equity,Tk mn,2016,21441
BRAC Bank Ltd,BALANCE SHEET,Shareholders' Equity,Tk mn,2015,18815
BRAC Bank Ltd,INCOME STATEMENT,Net Interest Income,Tk mn,2025,11778
BRAC Bank Ltd,INCOME STATEMENT,Net Interest Income,Tk mn,2024,13461
BRAC Bank Ltd,INCOME STATEMENT,Net Interest Income,Tk mn,2023,17719
BRAC Bank Ltd,INCOME STATEMENT,Net Interest Income,Tk mn,2022,15235
BRAC Bank Ltd,INCOME STATEMENT,Net Interest Income,Tk mn,2021,13997
BRAC Bank Ltd,INCOME STATEMENT,Net Interest Income,Tk mn,2020,11380
BRAC Bank Ltd,INCOME STATEMENT,Net Interest Income,Tk mn,2019,15038
BRAC Bank Ltd,INCOME STATEMENT,Net Interest Income,Tk mn,2018,13538
BRAC Bank Ltd,INCOME STATEMENT,Net Interest Income,Tk mn,2017,12147
BRAC Bank Ltd,INCOME STATEMENT,Net Interest Income,Tk mn,2016,10806
BRAC Bank Ltd,INCOME STATEMENT,Net Interest Income,Tk mn,2015,8716
BRAC Bank Ltd,INCOME STATEMENT,Non-Interest Income,Tk mn,2025,8233
BRAC Bank Ltd,INCOME STATEMENT,Non-Interest Income,Tk mn,2024,9524
BRAC Bank Ltd,INCOME STATEMENT,Non-Interest Income,Tk mn,2023,6317
BRAC Bank Ltd,INCOME STATEMENT,Non-Interest Income,Tk mn,2022,6152
BRAC Bank Ltd,INCOME STATEMENT,Non-Interest Income,Tk mn,2021,3586
BRAC Bank Ltd,INCOME STATEMENT,Non-Interest Income,Tk mn,2020,2672
BRAC Bank Ltd,INCOME STATEMENT,Non-Interest Income,Tk mn,2019,3279
BRAC Bank Ltd,INCOME STATEMENT,Non-Interest Income,Tk mn,2018,2666
BRAC Bank Ltd,INCOME STATEMENT,Non-Interest Income,Tk mn,2017,2981
BRAC Bank Ltd,INCOME STATEMENT,Non-Interest Income,Tk mn,2016,2661
BRAC Bank Ltd,INCOME STATEMENT,Non-Interest Income,Tk mn,2015,3960
BRAC Bank Ltd,INCOME STATEMENT,Net Profit After Tax,Tk mn,2025,15809
BRAC Bank Ltd,INCOME STATEMENT,Net Profit After Tax,Tk mn,2024,12136
BRAC Bank Ltd,INCOME STATEMENT,Net Profit After Tax,Tk mn,2023,7304
BRAC Bank Ltd,INCOME STATEMENT,Net Profit After Tax,Tk mn,2022,5763
BRAC Bank Ltd,INCOME STATEMENT,Net Profit After Tax,Tk mn,2021,5547
BRAC Bank Ltd,INCOME STATEMENT,Net Profit After Tax,Tk mn,2020,4541
BRAC Bank Ltd,INCOME STATEMENT,Net Profit After Tax,Tk mn,2019,5646
BRAC Bank Ltd,INCOME STATEMENT,Net Profit After Tax,Tk mn,2018,5547
BRAC Bank Ltd,INCOME STATEMENT,Net Profit After Tax,Tk mn,2017,5250
BRAC Bank Ltd,INCOME STATEMENT,Net Profit After Tax,Tk mn,2016,4460
BRAC Bank Ltd,INCOME STATEMENT,Net Profit After Tax,Tk mn,2015,2435
BRAC Bank Ltd,PER-SHARE & PROFITABILITY,EPS,BDT,2025,7.94
BRAC Bank Ltd,PER-SHARE & PROFITABILITY,EPS,BDT,2024,6.1
BRAC Bank Ltd,PER-SHARE & PROFITABILITY,EPS,BDT,2023,4.13
BRAC Bank Ltd,PER-SHARE & PROFITABILITY,EPS,BDT,2022,3.58
BRAC Bank Ltd,PER-SHARE & PROFITABILITY,EPS,BDT,2021,3.71
BRAC Bank Ltd,PER-SHARE & PROFITABILITY,EPS,BDT,2020,3.42
BRAC Bank Ltd,PER-SHARE & PROFITABILITY,EPS,BDT,2019,4.26
BRAC Bank Ltd,PER-SHARE & PROFITABILITY,EPS,BDT,2018,4.5
BRAC Bank Ltd,PER-SHARE & PROFITABILITY,EPS,BDT,2017,4.91
BRAC Bank Ltd,PER-SHARE & PROFITABILITY,EPS,BDT,2016,5.23
BRAC Bank Ltd,PER-SHARE & PROFITABILITY,EPS,BDT,2015,3.43
BRAC Bank Ltd,PER-SHARE & PROFITABILITY,ROA %,%,2025,1.5
BRAC Bank Ltd,PER-SHARE & PROFITABILITY,ROA %,%,2024,1.46
BRAC Bank Ltd,PER-SHARE & PROFITABILITY,ROA %,%,2023,1.13
BRAC Bank Ltd,PER-SHARE & PROFITABILITY,ROA %,%,2022,1.14
BRAC Bank Ltd,PER-SHARE & PROFITABILITY,ROA %,%,2021,1.31
BRAC Bank Ltd,PER-SHARE & PROFITABILITY,ROA %,%,2020,1.18
BRAC Bank Ltd,PER-SHARE & PROFITABILITY,ROA %,%,2019,1.64
BRAC Bank Ltd,PER-SHARE & PROFITABILITY,ROA %,%,2018,1.87
BRAC Bank Ltd,PER-SHARE & PROFITABILITY,ROA %,%,2017,2.02
BRAC Bank Ltd,PER-SHARE & PROFITABILITY,ROA %,%,2016,1.89
BRAC Bank Ltd,PER-SHARE & PROFITABILITY,ROA %,%,2015,1.13
BRAC Bank Ltd,PER-SHARE & PROFITABILITY,ROE %,%,2025,18.02
BRAC Bank Ltd,PER-SHARE & PROFITABILITY,ROE %,%,2024,17.36
BRAC Bank Ltd,PER-SHARE & PROFITABILITY,ROE %,%,2023,11.95
BRAC Bank Ltd,PER-SHARE & PROFITABILITY,ROE %,%,2022,10.22
BRAC Bank Ltd,PER-SHARE & PROFITABILITY,ROE %,%,2021,11
BRAC Bank Ltd,PER-SHARE & PROFITABILITY,ROE %,%,2020,10.58
BRAC Bank Ltd,PER-SHARE & PROFITABILITY,ROE %,%,2019,15.6
BRAC Bank Ltd,PER-SHARE & PROFITABILITY,ROE %,%,2018,19.25
BRAC Bank Ltd,PER-SHARE & PROFITABILITY,ROE %,%,2017,22.14
BRAC Bank Ltd,PER-SHARE & PROFITABILITY,ROE %,%,2016,22.16
BRAC Bank Ltd,PER-SHARE & PROFITABILITY,ROE %,%,2015,13.32
BRAC Bank Ltd,ASSET QUALITY,Loan-Deposit Ratio %,%,2025,63.48
BRAC Bank Ltd,ASSET QUALITY,Loan-Deposit Ratio %,%,2024,70.75
BRAC Bank Ltd,ASSET QUALITY,Loan-Deposit Ratio %,%,2023,74.29
BRAC Bank Ltd,ASSET QUALITY,Loan-Deposit Ratio %,%,2022,79.94
BRAC Bank Ltd,ASSET QUALITY,Loan-Deposit Ratio %,%,2021,81.86
BRAC Bank Ltd,ASSET QUALITY,Loan-Deposit Ratio %,%,2020,76.69
BRAC Bank Ltd,ASSET QUALITY,Loan-Deposit Ratio %,%,2019,82.1
BRAC Bank Ltd,ASSET QUALITY,Loan-Deposit Ratio %,%,2018,82.78
BRAC Bank Ltd,ASSET QUALITY,Loan-Deposit Ratio %,%,2017,83.39
BRAC Bank Ltd,ASSET QUALITY,Loan-Deposit Ratio %,%,2016,83.47
BRAC Bank Ltd,ASSET QUALITY,Loan-Deposit Ratio %,%,2015,82.24
BRAC Bank Ltd,ASSET QUALITY,NPL % (gross),%,2025,2.27
BRAC Bank Ltd,ASSET QUALITY,NPL % (gross),%,2024,2.63
BRAC Bank Ltd,ASSET QUALITY,NPL % (gross),%,2023,3.38
BRAC Bank Ltd,ASSET QUALITY,NPL % (gross),%,2022,3.72
BRAC Bank Ltd,ASSET QUALITY,NPL % (gross),%,2021,3.9
BRAC Bank Ltd,ASSET QUALITY,NPL % (gross),%,2020,2.93
BRAC Bank Ltd,ASSET QUALITY,NPL % (gross),%,2019,3.99
BRAC Bank Ltd,ASSET QUALITY,NPL % (gross),%,2018,3.1
BRAC Bank Ltd,ASSET QUALITY,NPL % (gross),%,2017,3.56
BRAC Bank Ltd,ASSET QUALITY,NPL % (gross),%,2016,3.4
BRAC Bank Ltd,ASSET QUALITY,NPL % (gross),%,2015,5.99
BRAC Bank Ltd,ASSET QUALITY,Provision Coverage %,%,2025,120
BRAC Bank Ltd,ASSET QUALITY,Provision Coverage %,%,2024,120
BRAC Bank Ltd,ASSET QUALITY,Provision Coverage %,%,2023,102
BRAC Bank Ltd,ASSET QUALITY,Provision Coverage %,%,2022,99
BRAC Bank Ltd,ASSET QUALITY,Provision Coverage %,%,2021,108
BRAC Bank Ltd,ASSET QUALITY,Provision Coverage %,%,2020,114
BRAC Bank Ltd,ASSET QUALITY,Provision Coverage %,%,2019,65
BRAC Bank Ltd,ASSET QUALITY,Provision Coverage %,%,2018,76
BRAC Bank Ltd,ASSET QUALITY,Provision Coverage %,%,2017,86
BRAC Bank Ltd,ASSET QUALITY,Provision Coverage %,%,2016,94
BRAC Bank Ltd,ASSET QUALITY,Provision Coverage %,%,2015,77.94
BRAC Bank Ltd,CAPITAL & EFFICIENCY,CRAR % (Group),%,2025,19.64
BRAC Bank Ltd,CAPITAL & EFFICIENCY,CRAR % (Group),%,2024,19.05
BRAC Bank Ltd,CAPITAL & EFFICIENCY,CRAR % (Group),%,2023,18.6
BRAC Bank Ltd,CAPITAL & EFFICIENCY,CRAR % (Group),%,2022,19.38
BRAC Bank Ltd,CAPITAL & EFFICIENCY,CRAR % (Group),%,2021,20.42
BRAC Bank Ltd,CAPITAL & EFFICIENCY,CRAR % (Group),%,2020,15.13
BRAC Bank Ltd,CAPITAL & EFFICIENCY,CRAR % (Group),%,2019,16.16
BRAC Bank Ltd,CAPITAL & EFFICIENCY,CRAR % (Group),%,2018,15.7
BRAC Bank Ltd,CAPITAL & EFFICIENCY,CRAR % (Group),%,2017,11.97
BRAC Bank Ltd,CAPITAL & EFFICIENCY,CRAR % (Group),%,2016,12.06
BRAC Bank Ltd,CAPITAL & EFFICIENCY,CRAR % (Group),%,2015,12.29
BRAC Bank Ltd,CAPITAL & EFFICIENCY,Cost-to-Income Ratio % (Group),%,2025,52
BRAC Bank Ltd,CAPITAL & EFFICIENCY,Cost-to-Income Ratio % (Group),%,2024,57
BRAC Bank Ltd,CAPITAL & EFFICIENCY,Cost-to-Income Ratio % (Group),%,2023,66
BRAC Bank Ltd,CAPITAL & EFFICIENCY,Cost-to-Income Ratio % (Group),%,2022,70
BRAC Bank Ltd,CAPITAL & EFFICIENCY,Cost-to-Income Ratio % (Group),%,2021,68
BRAC Bank Ltd,CAPITAL & EFFICIENCY,Cost-to-Income Ratio % (Group),%,2020,71
BRAC Bank Ltd,CAPITAL & EFFICIENCY,Cost-to-Income Ratio % (Group),%,2019,68
BRAC Bank Ltd,CAPITAL & EFFICIENCY,Cost-to-Income Ratio % (Group),%,2018,64
BRAC Bank Ltd,CAPITAL & EFFICIENCY,Cost-to-Income Ratio % (Group),%,2017,60
BRAC Bank Ltd,CAPITAL & EFFICIENCY,Cost-to-Income Ratio % (Group),%,2016,57
BRAC Bank Ltd,CAPITAL & EFFICIENCY,Cost-to-Income Ratio % (Group),%,2015,56.29
BRAC Bank Ltd,DERIVED METRICS,Estimated NPL amount (NPL% x Loans),Tk mn,2025,16587
BRAC Bank Ltd,DERIVED METRICS,Estimated NPL amount (NPL% x Loans),Tk mn,2024,16394.7
BRAC Bank Ltd,DERIVED METRICS,Estimated NPL amount (NPL% x Loans),Tk mn,2023,17557.5
BRAC Bank Ltd,DERIVED METRICS,Estimated NPL amount (NPL% x Loans),Tk mn,2022,15277.2
BRAC Bank Ltd,DERIVED METRICS,Estimated NPL amount (NPL% x Loans),Tk mn,2021,12527.3
BRAC Bank Ltd,DERIVED METRICS,Estimated NPL amount (NPL% x Loans),Tk mn,2020,8000.8
BRAC Bank Ltd,DERIVED METRICS,Estimated NPL amount (NPL% x Loans),Tk mn,2019,10537.2
BRAC Bank Ltd,DERIVED METRICS,Estimated NPL amount (NPL% x Loans),Tk mn,2018,7378.3
BRAC Bank Ltd,DERIVED METRICS,Estimated NPL amount (NPL% x Loans),Tk mn,2017,7211.1
BRAC Bank Ltd,DERIVED METRICS,Estimated NPL amount (NPL% x Loans),Tk mn,2016,5902.8
BRAC Bank Ltd,DERIVED METRICS,Estimated NPL amount (NPL% x Loans),Tk mn,2015,8831.3
BRAC Bank Ltd,DERIVED METRICS,NPL / Total Assets % (estimated),%,2025,1.41
BRAC Bank Ltd,DERIVED METRICS,NPL / Total Assets % (estimated),%,2024,1.76
BRAC Bank Ltd,DERIVED METRICS,NPL / Total Assets % (estimated),%,2023,2.42
BRAC Bank Ltd,DERIVED METRICS,NPL / Total Assets % (estimated),%,2022,2.71
BRAC Bank Ltd,DERIVED METRICS,NPL / Total Assets % (estimated),%,2021,2.79
BRAC Bank Ltd,DERIVED METRICS,NPL / Total Assets % (estimated),%,2020,2.01
BRAC Bank Ltd,DERIVED METRICS,NPL / Total Assets % (estimated),%,2019,2.85
BRAC Bank Ltd,DERIVED METRICS,NPL / Total Assets % (estimated),%,2018,2.34
BRAC Bank Ltd,DERIVED METRICS,NPL / Total Assets % (estimated),%,2017,2.58
BRAC Bank Ltd,DERIVED METRICS,NPL / Total Assets % (estimated),%,2016,2.37
BRAC Bank Ltd,DERIVED METRICS,NPL / Total Assets % (estimated),%,2015,3.93
BRAC Bank Ltd,DERIVED METRICS,YoY NPAT growth %,%,2025,30.26
BRAC Bank Ltd,DERIVED METRICS,YoY NPAT growth %,%,2024,66.16
BRAC Bank Ltd,DERIVED METRICS,YoY NPAT growth %,%,2023,26.75
BRAC Bank Ltd,DERIVED METRICS,YoY NPAT growth %,%,2022,3.89
BRAC Bank Ltd,DERIVED METRICS,YoY NPAT growth %,%,2021,22.16
BRAC Bank Ltd,DERIVED METRICS,YoY NPAT growth %,%,2020,-19.57
BRAC Bank Ltd,DERIVED METRICS,YoY NPAT growth %,%,2019,1.78
BRAC Bank Ltd,DERIVED METRICS,YoY NPAT growth %,%,2018,5.66
BRAC Bank Ltd,DERIVED METRICS,YoY NPAT growth %,%,2017,17.71
BRAC Bank Ltd,DERIVED METRICS,YoY NPAT growth %,%,2016,83.16
BRAC Bank Ltd,DERIVED METRICS,YoY NPAT growth %,%,2015,N/A
BRAC Bank Ltd,DERIVED METRICS,YoY Equity growth %,%,2025,31.54
BRAC Bank Ltd,DERIVED METRICS,YoY Equity growth %,%,2024,18.84
BRAC Bank Ltd,DERIVED METRICS,YoY Equity growth %,%,2023,9.18
BRAC Bank Ltd,DERIVED METRICS,YoY Equity growth %,%,2022,7.35
BRAC Bank Ltd,DERIVED METRICS,YoY Equity growth %,%,2021,15.89
BRAC Bank Ltd,DERIVED METRICS,YoY Equity growth %,%,2020,20.65
BRAC Bank Ltd,DERIVED METRICS,YoY Equity growth %,%,2019,23.02
BRAC Bank Ltd,DERIVED METRICS,YoY Equity growth %,%,2018,21.73
BRAC Bank Ltd,DERIVED METRICS,YoY Equity growth %,%,2017,21.22
BRAC Bank Ltd,DERIVED METRICS,YoY Equity growth %,%,2016,13.96
BRAC Bank Ltd,DERIVED METRICS,YoY Equity growth %,%,2015,N/A
Dutch-Bangla Bank PLC,BALANCE SHEET (mn Taka),Total Assets,Tk mn,2025,817797.6
Dutch-Bangla Bank PLC,BALANCE SHEET (mn Taka),Total Assets,Tk mn,2024,679875.5
Dutch-Bangla Bank PLC,BALANCE SHEET (mn Taka),Total Assets,Tk mn,2023,593883.1
Dutch-Bangla Bank PLC,BALANCE SHEET (mn Taka),Total Assets,Tk mn,2022,555473.6
Dutch-Bangla Bank PLC,BALANCE SHEET (mn Taka),Total Assets,Tk mn,2021,514399.8
Dutch-Bangla Bank PLC,BALANCE SHEET (mn Taka),Total Assets,Tk mn,2020,472355.4
Dutch-Bangla Bank PLC,BALANCE SHEET (mn Taka),Total Assets,Tk mn,2019,390362
Dutch-Bangla Bank PLC,BALANCE SHEET (mn Taka),Total Assets,Tk mn,2018,346468.8
Dutch-Bangla Bank PLC,BALANCE SHEET (mn Taka),Total Assets,Tk mn,2017,311906.8
Dutch-Bangla Bank PLC,BALANCE SHEET (mn Taka),Total Assets,Tk mn,2016,264797.4
Dutch-Bangla Bank PLC,BALANCE SHEET (mn Taka),Total Assets,Tk mn,2015,244057.6
Dutch-Bangla Bank PLC,BALANCE SHEET (mn Taka),"Loans & Advances, gross",Tk mn,2025,450503.8
Dutch-Bangla Bank PLC,BALANCE SHEET (mn Taka),"Loans & Advances, gross",Tk mn,2024,428689.4
Dutch-Bangla Bank PLC,BALANCE SHEET (mn Taka),"Loans & Advances, gross",Tk mn,2023,412073
Dutch-Bangla Bank PLC,BALANCE SHEET (mn Taka),"Loans & Advances, gross",Tk mn,2022,364000.8
Dutch-Bangla Bank PLC,BALANCE SHEET (mn Taka),"Loans & Advances, gross",Tk mn,2021,319448.1
Dutch-Bangla Bank PLC,BALANCE SHEET (mn Taka),"Loans & Advances, gross",Tk mn,2020,273382.9
Dutch-Bangla Bank PLC,BALANCE SHEET (mn Taka),"Loans & Advances, gross",Tk mn,2019,256239.7
Dutch-Bangla Bank PLC,BALANCE SHEET (mn Taka),"Loans & Advances, gross",Tk mn,2018,231553.9
Dutch-Bangla Bank PLC,BALANCE SHEET (mn Taka),"Loans & Advances, gross",Tk mn,2017,207257.4
Dutch-Bangla Bank PLC,BALANCE SHEET (mn Taka),"Loans & Advances, gross",Tk mn,2016,173397.8
Dutch-Bangla Bank PLC,BALANCE SHEET (mn Taka),"Loans & Advances, gross",Tk mn,2015,152270
Dutch-Bangla Bank PLC,BALANCE SHEET (mn Taka),Total Deposits,Tk mn,2025,622057.8
Dutch-Bangla Bank PLC,BALANCE SHEET (mn Taka),Total Deposits,Tk mn,2024,521872.5
Dutch-Bangla Bank PLC,BALANCE SHEET (mn Taka),Total Deposits,Tk mn,2023,472590.1
Dutch-Bangla Bank PLC,BALANCE SHEET (mn Taka),Total Deposits,Tk mn,2022,438131.3
Dutch-Bangla Bank PLC,BALANCE SHEET (mn Taka),Total Deposits,Tk mn,2021,401500.3
Dutch-Bangla Bank PLC,BALANCE SHEET (mn Taka),Total Deposits,Tk mn,2020,362611
Dutch-Bangla Bank PLC,BALANCE SHEET (mn Taka),Total Deposits,Tk mn,2019,302159.2
Dutch-Bangla Bank PLC,BALANCE SHEET (mn Taka),Total Deposits,Tk mn,2018,262467.7
Dutch-Bangla Bank PLC,BALANCE SHEET (mn Taka),Total Deposits,Tk mn,2017,233796.4
Dutch-Bangla Bank PLC,BALANCE SHEET (mn Taka),Total Deposits,Tk mn,2016,207234
Dutch-Bangla Bank PLC,BALANCE SHEET (mn Taka),Total Deposits,Tk mn,2015,186765
Dutch-Bangla Bank PLC,BALANCE SHEET (mn Taka),Shareholders' Equity,Tk mn,2025,60070.5
Dutch-Bangla Bank PLC,BALANCE SHEET (mn Taka),Shareholders' Equity,Tk mn,2024,51608.2
Dutch-Bangla Bank PLC,BALANCE SHEET (mn Taka),Shareholders' Equity,Tk mn,2023,48172.8
Dutch-Bangla Bank PLC,BALANCE SHEET (mn Taka),Shareholders' Equity,Tk mn,2022,41638.8
Dutch-Bangla Bank PLC,BALANCE SHEET (mn Taka),Shareholders' Equity,Tk mn,2021,36966.4
Dutch-Bangla Bank PLC,BALANCE SHEET (mn Taka),Shareholders' Equity,Tk mn,2020,32256.7
Dutch-Bangla Bank PLC,BALANCE SHEET (mn Taka),Shareholders' Equity,Tk mn,2019,27443.3
Dutch-Bangla Bank PLC,BALANCE SHEET (mn Taka),Shareholders' Equity,Tk mn,2018,23086
Dutch-Bangla Bank PLC,BALANCE SHEET (mn Taka),Shareholders' Equity,Tk mn,2017,19482.2
Dutch-Bangla Bank PLC,BALANCE SHEET (mn Taka),Shareholders' Equity,Tk mn,2016,17672.7
Dutch-Bangla Bank PLC,BALANCE SHEET (mn Taka),Shareholders' Equity,Tk mn,2015,16754.3
Dutch-Bangla Bank PLC,INCOME STATEMENT (mn Taka),Net Interest Income,Tk mn,2025,19871.9
Dutch-Bangla Bank PLC,INCOME STATEMENT (mn Taka),Net Interest Income,Tk mn,2024,29256.2
Dutch-Bangla Bank PLC,INCOME STATEMENT (mn Taka),Net Interest Income,Tk mn,2023,N/A
Dutch-Bangla Bank PLC,INCOME STATEMENT (mn Taka),Net Interest Income,Tk mn,2022,N/A
Dutch-Bangla Bank PLC,INCOME STATEMENT (mn Taka),Net Interest Income,Tk mn,2021,N/A
Dutch-Bangla Bank PLC,INCOME STATEMENT (mn Taka),Net Interest Income,Tk mn,2020,14129.7
Dutch-Bangla Bank PLC,INCOME STATEMENT (mn Taka),Net Interest Income,Tk mn,2019,17784
Dutch-Bangla Bank PLC,INCOME STATEMENT (mn Taka),Net Interest Income,Tk mn,2018,N/A
Dutch-Bangla Bank PLC,INCOME STATEMENT (mn Taka),Net Interest Income,Tk mn,2017,N/A
Dutch-Bangla Bank PLC,INCOME STATEMENT (mn Taka),Net Interest Income,Tk mn,2016,9963.5
Dutch-Bangla Bank PLC,INCOME STATEMENT (mn Taka),Net Interest Income,Tk mn,2015,9788
Dutch-Bangla Bank PLC,INCOME STATEMENT (mn Taka),Non-Interest Income,Tk mn,2025,10078.5
Dutch-Bangla Bank PLC,INCOME STATEMENT (mn Taka),Non-Interest Income,Tk mn,2024,7258.4
Dutch-Bangla Bank PLC,INCOME STATEMENT (mn Taka),Non-Interest Income,Tk mn,2023,N/A
Dutch-Bangla Bank PLC,INCOME STATEMENT (mn Taka),Non-Interest Income,Tk mn,2022,N/A
Dutch-Bangla Bank PLC,INCOME STATEMENT (mn Taka),Non-Interest Income,Tk mn,2021,N/A
Dutch-Bangla Bank PLC,INCOME STATEMENT (mn Taka),Non-Interest Income,Tk mn,2020,5340.8
Dutch-Bangla Bank PLC,INCOME STATEMENT (mn Taka),Non-Interest Income,Tk mn,2019,5749.7
Dutch-Bangla Bank PLC,INCOME STATEMENT (mn Taka),Non-Interest Income,Tk mn,2018,N/A
Dutch-Bangla Bank PLC,INCOME STATEMENT (mn Taka),Non-Interest Income,Tk mn,2017,N/A
Dutch-Bangla Bank PLC,INCOME STATEMENT (mn Taka),Non-Interest Income,Tk mn,2016,3895.8
Dutch-Bangla Bank PLC,INCOME STATEMENT (mn Taka),Non-Interest Income,Tk mn,2015,3761.4
Dutch-Bangla Bank PLC,INCOME STATEMENT (mn Taka),Net Profit After Tax,Tk mn,2025,9647.7
Dutch-Bangla Bank PLC,INCOME STATEMENT (mn Taka),Net Profit After Tax,Tk mn,2024,4734.8
Dutch-Bangla Bank PLC,INCOME STATEMENT (mn Taka),Net Profit After Tax,Tk mn,2023,8017.4
Dutch-Bangla Bank PLC,INCOME STATEMENT (mn Taka),Net Profit After Tax,Tk mn,2022,5661.7
Dutch-Bangla Bank PLC,INCOME STATEMENT (mn Taka),Net Profit After Tax,Tk mn,2021,5561.1
Dutch-Bangla Bank PLC,INCOME STATEMENT (mn Taka),Net Profit After Tax,Tk mn,2020,5498.7
Dutch-Bangla Bank PLC,INCOME STATEMENT (mn Taka),Net Profit After Tax,Tk mn,2019,4341.4
Dutch-Bangla Bank PLC,INCOME STATEMENT (mn Taka),Net Profit After Tax,Tk mn,2018,4201.4
Dutch-Bangla Bank PLC,INCOME STATEMENT (mn Taka),Net Profit After Tax,Tk mn,2017,2455.2
Dutch-Bangla Bank PLC,INCOME STATEMENT (mn Taka),Net Profit After Tax,Tk mn,2016,1775.2
Dutch-Bangla Bank PLC,INCOME STATEMENT (mn Taka),Net Profit After Tax,Tk mn,2015,3020.3
Dutch-Bangla Bank PLC,PER-SHARE & PROFITABILITY,EPS (Taka),BDT,2025,9.98
Dutch-Bangla Bank PLC,PER-SHARE & PROFITABILITY,EPS (Taka),BDT,2024,5.39
Dutch-Bangla Bank PLC,PER-SHARE & PROFITABILITY,EPS (Taka),BDT,2023,10.72
Dutch-Bangla Bank PLC,PER-SHARE & PROFITABILITY,EPS (Taka),BDT,2022,8.14
Dutch-Bangla Bank PLC,PER-SHARE & PROFITABILITY,EPS (Taka),BDT,2021,8.8
Dutch-Bangla Bank PLC,PER-SHARE & PROFITABILITY,EPS (Taka),BDT,2020,10
Dutch-Bangla Bank PLC,PER-SHARE & PROFITABILITY,EPS (Taka),BDT,2019,8.7
Dutch-Bangla Bank PLC,PER-SHARE & PROFITABILITY,EPS (Taka),BDT,2018,21
Dutch-Bangla Bank PLC,PER-SHARE & PROFITABILITY,EPS (Taka),BDT,2017,12.3
Dutch-Bangla Bank PLC,PER-SHARE & PROFITABILITY,EPS (Taka),BDT,2016,8.9
Dutch-Bangla Bank PLC,PER-SHARE & PROFITABILITY,EPS (Taka),BDT,2015,15.1
Dutch-Bangla Bank PLC,PER-SHARE & PROFITABILITY,ROA %,%,2025,0.013
Dutch-Bangla Bank PLC,PER-SHARE & PROFITABILITY,ROA %,%,2024,0.007
Dutch-Bangla Bank PLC,PER-SHARE & PROFITABILITY,ROA %,%,2023,0.014
Dutch-Bangla Bank PLC,PER-SHARE & PROFITABILITY,ROA %,%,2022,0.011
Dutch-Bangla Bank PLC,PER-SHARE & PROFITABILITY,ROA %,%,2021,0.011
Dutch-Bangla Bank PLC,PER-SHARE & PROFITABILITY,ROA %,%,2020,0.013
Dutch-Bangla Bank PLC,PER-SHARE & PROFITABILITY,ROA %,%,2019,0.012
Dutch-Bangla Bank PLC,PER-SHARE & PROFITABILITY,ROA %,%,2018,0.013
Dutch-Bangla Bank PLC,PER-SHARE & PROFITABILITY,ROA %,%,2017,0.009
Dutch-Bangla Bank PLC,PER-SHARE & PROFITABILITY,ROA %,%,2016,0.007
Dutch-Bangla Bank PLC,PER-SHARE & PROFITABILITY,ROA %,%,2015,0.013
Dutch-Bangla Bank PLC,PER-SHARE & PROFITABILITY,ROE %,%,2025,0.173
Dutch-Bangla Bank PLC,PER-SHARE & PROFITABILITY,ROE %,%,2024,0.095
Dutch-Bangla Bank PLC,PER-SHARE & PROFITABILITY,ROE %,%,2023,0.179
Dutch-Bangla Bank PLC,PER-SHARE & PROFITABILITY,ROE %,%,2022,0.144
Dutch-Bangla Bank PLC,PER-SHARE & PROFITABILITY,ROE %,%,2021,0.161
Dutch-Bangla Bank PLC,PER-SHARE & PROFITABILITY,ROE %,%,2020,0.184
Dutch-Bangla Bank PLC,PER-SHARE & PROFITABILITY,ROE %,%,2019,0.172
Dutch-Bangla Bank PLC,PER-SHARE & PROFITABILITY,ROE %,%,2018,0.197
Dutch-Bangla Bank PLC,PER-SHARE & PROFITABILITY,ROE %,%,2017,0.132
Dutch-Bangla Bank PLC,PER-SHARE & PROFITABILITY,ROE %,%,2016,0.103
Dutch-Bangla Bank PLC,PER-SHARE & PROFITABILITY,ROE %,%,2015,0.193
Dutch-Bangla Bank PLC,ASSET QUALITY,Loan-Deposit Ratio %,%,2025,0.68
Dutch-Bangla Bank PLC,ASSET QUALITY,Loan-Deposit Ratio %,%,2024,0.779
Dutch-Bangla Bank PLC,ASSET QUALITY,Loan-Deposit Ratio %,%,2023,0.826
Dutch-Bangla Bank PLC,ASSET QUALITY,Loan-Deposit Ratio %,%,2022,0.765
Dutch-Bangla Bank PLC,ASSET QUALITY,Loan-Deposit Ratio %,%,2021,0.718
Dutch-Bangla Bank PLC,ASSET QUALITY,Loan-Deposit Ratio %,%,2020,0.643
Dutch-Bangla Bank PLC,ASSET QUALITY,Loan-Deposit Ratio %,%,2019,0.739
Dutch-Bangla Bank PLC,ASSET QUALITY,Loan-Deposit Ratio %,%,2018,0.772
Dutch-Bangla Bank PLC,ASSET QUALITY,Loan-Deposit Ratio %,%,2017,0.756
Dutch-Bangla Bank PLC,ASSET QUALITY,Loan-Deposit Ratio %,%,2016,0.794
Dutch-Bangla Bank PLC,ASSET QUALITY,Loan-Deposit Ratio %,%,2015,0.815
Dutch-Bangla Bank PLC,ASSET QUALITY,NPL % (gross),%,2025,0.064
Dutch-Bangla Bank PLC,ASSET QUALITY,NPL % (gross),%,2024,0.077
Dutch-Bangla Bank PLC,ASSET QUALITY,NPL % (gross),%,2023,0.041
Dutch-Bangla Bank PLC,ASSET QUALITY,NPL % (gross),%,2022,0.043
Dutch-Bangla Bank PLC,ASSET QUALITY,NPL % (gross),%,2021,0.037
Dutch-Bangla Bank PLC,ASSET QUALITY,NPL % (gross),%,2020,0.022
Dutch-Bangla Bank PLC,ASSET QUALITY,NPL % (gross),%,2019,0.044
Dutch-Bangla Bank PLC,ASSET QUALITY,NPL % (gross),%,2018,0.041
Dutch-Bangla Bank PLC,ASSET QUALITY,NPL % (gross),%,2017,0.047
Dutch-Bangla Bank PLC,ASSET QUALITY,NPL % (gross),%,2016,0.052
Dutch-Bangla Bank PLC,ASSET QUALITY,NPL % (gross),%,2015,0.037
Dutch-Bangla Bank PLC,ASSET QUALITY,Provision Coverage %,%,2025,1.182
Dutch-Bangla Bank PLC,ASSET QUALITY,Provision Coverage %,%,2024,0.759
Dutch-Bangla Bank PLC,ASSET QUALITY,Provision Coverage %,%,2023,N/A
Dutch-Bangla Bank PLC,ASSET QUALITY,Provision Coverage %,%,2022,N/A
Dutch-Bangla Bank PLC,ASSET QUALITY,Provision Coverage %,%,2021,N/A
Dutch-Bangla Bank PLC,ASSET QUALITY,Provision Coverage %,%,2020,N/A
Dutch-Bangla Bank PLC,ASSET QUALITY,Provision Coverage %,%,2019,N/A
Dutch-Bangla Bank PLC,ASSET QUALITY,Provision Coverage %,%,2018,N/A
Dutch-Bangla Bank PLC,ASSET QUALITY,Provision Coverage %,%,2017,N/A
Dutch-Bangla Bank PLC,ASSET QUALITY,Provision Coverage %,%,2016,N/A
Dutch-Bangla Bank PLC,ASSET QUALITY,Provision Coverage %,%,2015,N/A
Dutch-Bangla Bank PLC,CAPITAL & EFFICIENCY,CRAR % (Group),%,2025,0.171
Dutch-Bangla Bank PLC,CAPITAL & EFFICIENCY,CRAR % (Group),%,2024,0.138
Dutch-Bangla Bank PLC,CAPITAL & EFFICIENCY,CRAR % (Group),%,2023,0.162
Dutch-Bangla Bank PLC,CAPITAL & EFFICIENCY,CRAR % (Group),%,2022,0.156
Dutch-Bangla Bank PLC,CAPITAL & EFFICIENCY,CRAR % (Group),%,2021,0.164
Dutch-Bangla Bank PLC,CAPITAL & EFFICIENCY,CRAR % (Group),%,2020,0.172
Dutch-Bangla Bank PLC,CAPITAL & EFFICIENCY,CRAR % (Group),%,2019,0.155
Dutch-Bangla Bank PLC,CAPITAL & EFFICIENCY,CRAR % (Group),%,2018,0.156
Dutch-Bangla Bank PLC,CAPITAL & EFFICIENCY,CRAR % (Group),%,2017,0.13
Dutch-Bangla Bank PLC,CAPITAL & EFFICIENCY,CRAR % (Group),%,2016,0.131
Dutch-Bangla Bank PLC,CAPITAL & EFFICIENCY,CRAR % (Group),%,2015,0.137
Dutch-Bangla Bank PLC,CAPITAL & EFFICIENCY,Cost-to-Income Ratio % (Group),%,2025,0.497
Dutch-Bangla Bank PLC,CAPITAL & EFFICIENCY,Cost-to-Income Ratio % (Group),%,2024,0.524
Dutch-Bangla Bank PLC,CAPITAL & EFFICIENCY,Cost-to-Income Ratio % (Group),%,2023,0.595
Dutch-Bangla Bank PLC,CAPITAL & EFFICIENCY,Cost-to-Income Ratio % (Group),%,2022,0.613
Dutch-Bangla Bank PLC,CAPITAL & EFFICIENCY,Cost-to-Income Ratio % (Group),%,2021,0.588
Dutch-Bangla Bank PLC,CAPITAL & EFFICIENCY,Cost-to-Income Ratio % (Group),%,2020,0.605
Dutch-Bangla Bank PLC,CAPITAL & EFFICIENCY,Cost-to-Income Ratio % (Group),%,2019,0.582
Dutch-Bangla Bank PLC,CAPITAL & EFFICIENCY,Cost-to-Income Ratio % (Group),%,2018,0.616
Dutch-Bangla Bank PLC,CAPITAL & EFFICIENCY,Cost-to-Income Ratio % (Group),%,2017,0.693
Dutch-Bangla Bank PLC,CAPITAL & EFFICIENCY,Cost-to-Income Ratio % (Group),%,2016,0.653
Dutch-Bangla Bank PLC,CAPITAL & EFFICIENCY,Cost-to-Income Ratio % (Group),%,2015,0.588
Dutch-Bangla Bank PLC,DERIVED METRICS,Estimated NPL amount,Tk mn,2025,28832.2
Dutch-Bangla Bank PLC,DERIVED METRICS,Estimated NPL amount,Tk mn,2024,33009.1
Dutch-Bangla Bank PLC,DERIVED METRICS,Estimated NPL amount,Tk mn,2023,16895
Dutch-Bangla Bank PLC,DERIVED METRICS,Estimated NPL amount,Tk mn,2022,15652
Dutch-Bangla Bank PLC,DERIVED METRICS,Estimated NPL amount,Tk mn,2021,11819.6
Dutch-Bangla Bank PLC,DERIVED METRICS,Estimated NPL amount,Tk mn,2020,6014.4
Dutch-Bangla Bank PLC,DERIVED METRICS,Estimated NPL amount,Tk mn,2019,11274.5
Dutch-Bangla Bank PLC,DERIVED METRICS,Estimated NPL amount,Tk mn,2018,9493.7
Dutch-Bangla Bank PLC,DERIVED METRICS,Estimated NPL amount,Tk mn,2017,9741.1
Dutch-Bangla Bank PLC,DERIVED METRICS,Estimated NPL amount,Tk mn,2016,9016.7
Dutch-Bangla Bank PLC,DERIVED METRICS,Estimated NPL amount,Tk mn,2015,5634
Dutch-Bangla Bank PLC,DERIVED METRICS,NPL / Total Assets %,%,2025,0.0353
Dutch-Bangla Bank PLC,DERIVED METRICS,NPL / Total Assets %,%,2024,0.0486
Dutch-Bangla Bank PLC,DERIVED METRICS,NPL / Total Assets %,%,2023,0.0284
Dutch-Bangla Bank PLC,DERIVED METRICS,NPL / Total Assets %,%,2022,0.0282
Dutch-Bangla Bank PLC,DERIVED METRICS,NPL / Total Assets %,%,2021,0.023
Dutch-Bangla Bank PLC,DERIVED METRICS,NPL / Total Assets %,%,2020,0.0127
Dutch-Bangla Bank PLC,DERIVED METRICS,NPL / Total Assets %,%,2019,0.0289
Dutch-Bangla Bank PLC,DERIVED METRICS,NPL / Total Assets %,%,2018,0.0274
Dutch-Bangla Bank PLC,DERIVED METRICS,NPL / Total Assets %,%,2017,0.0312
Dutch-Bangla Bank PLC,DERIVED METRICS,NPL / Total Assets %,%,2016,0.0341
Dutch-Bangla Bank PLC,DERIVED METRICS,NPL / Total Assets %,%,2015,0.0231
Dutch-Bangla Bank PLC,DERIVED METRICS,YoY NPAT growth %,%,2025,1.038
Dutch-Bangla Bank PLC,DERIVED METRICS,YoY NPAT growth %,%,2024,-0.409
Dutch-Bangla Bank PLC,DERIVED METRICS,YoY NPAT growth %,%,2023,0.416
Dutch-Bangla Bank PLC,DERIVED METRICS,YoY NPAT growth %,%,2022,0.018
Dutch-Bangla Bank PLC,DERIVED METRICS,YoY NPAT growth %,%,2021,0.011
Dutch-Bangla Bank PLC,DERIVED METRICS,YoY NPAT growth %,%,2020,0.267
Dutch-Bangla Bank PLC,DERIVED METRICS,YoY NPAT growth %,%,2019,0.033
Dutch-Bangla Bank PLC,DERIVED METRICS,YoY NPAT growth %,%,2018,0.711
Dutch-Bangla Bank PLC,DERIVED METRICS,YoY NPAT growth %,%,2017,0.383
Dutch-Bangla Bank PLC,DERIVED METRICS,YoY NPAT growth %,%,2016,-0.412
Dutch-Bangla Bank PLC,DERIVED METRICS,YoY NPAT growth %,%,2015,0.369
Dutch-Bangla Bank PLC,DERIVED METRICS,YoY Equity growth %,%,2025,0.164
Dutch-Bangla Bank PLC,DERIVED METRICS,YoY Equity growth %,%,2024,0.071
Dutch-Bangla Bank PLC,DERIVED METRICS,YoY Equity growth %,%,2023,0.157
Dutch-Bangla Bank PLC,DERIVED METRICS,YoY Equity growth %,%,2022,0.126
Dutch-Bangla Bank PLC,DERIVED METRICS,YoY Equity growth %,%,2021,0.146
Dutch-Bangla Bank PLC,DERIVED METRICS,YoY Equity growth %,%,2020,0.175
Dutch-Bangla Bank PLC,DERIVED METRICS,YoY Equity growth %,%,2019,0.189
Dutch-Bangla Bank PLC,DERIVED METRICS,YoY Equity growth %,%,2018,0.185
Dutch-Bangla Bank PLC,DERIVED METRICS,YoY Equity growth %,%,2017,0.102
Dutch-Bangla Bank PLC,DERIVED METRICS,YoY Equity growth %,%,2016,0.055
Dutch-Bangla Bank PLC,DERIVED METRICS,YoY Equity growth %,%,2015,0.154
Eastern Bank Ltd,BALANCE SHEET,Total Assets,Tk mn,2025,761604
Eastern Bank Ltd,BALANCE SHEET,Total Assets,Tk mn,2024,616050
Eastern Bank Ltd,BALANCE SHEET,Total Assets,Tk mn,2023,506271
Eastern Bank Ltd,BALANCE SHEET,Total Assets,Tk mn,2022,455989
Eastern Bank Ltd,BALANCE SHEET,Total Assets,Tk mn,2021,388815
Eastern Bank Ltd,BALANCE SHEET,Total Assets,Tk mn,2020,336936
Eastern Bank Ltd,BALANCE SHEET,Total Assets,Tk mn,2019,335163
Eastern Bank Ltd,BALANCE SHEET,Total Assets,Tk mn,2018,282451
Eastern Bank Ltd,BALANCE SHEET,Total Assets,Tk mn,2017,253068
Eastern Bank Ltd,BALANCE SHEET,Total Assets,Tk mn,2016,N/A
Eastern Bank Ltd,BALANCE SHEET,Total Assets,Tk mn,2015,189563
Eastern Bank Ltd,BALANCE SHEET,Loans & Advances,Tk mn,2025,477040
Eastern Bank Ltd,BALANCE SHEET,Loans & Advances,Tk mn,2024,410718
Eastern Bank Ltd,BALANCE SHEET,Loans & Advances,Tk mn,2023,353357
Eastern Bank Ltd,BALANCE SHEET,Loans & Advances,Tk mn,2022,308916
Eastern Bank Ltd,BALANCE SHEET,Loans & Advances,Tk mn,2021,269394
Eastern Bank Ltd,BALANCE SHEET,Loans & Advances,Tk mn,2020,228944
Eastern Bank Ltd,BALANCE SHEET,Loans & Advances,Tk mn,2019,232051
Eastern Bank Ltd,BALANCE SHEET,Loans & Advances,Tk mn,2018,209306
Eastern Bank Ltd,BALANCE SHEET,Loans & Advances,Tk mn,2017,184027
Eastern Bank Ltd,BALANCE SHEET,Loans & Advances,Tk mn,2016,N/A
Eastern Bank Ltd,BALANCE SHEET,Loans & Advances,Tk mn,2015,130226
Eastern Bank Ltd,BALANCE SHEET,Total Deposits,Tk mn,2025,556454
Eastern Bank Ltd,BALANCE SHEET,Total Deposits,Tk mn,2024,457692
Eastern Bank Ltd,BALANCE SHEET,Total Deposits,Tk mn,2023,366104
Eastern Bank Ltd,BALANCE SHEET,Total Deposits,Tk mn,2022,317097
Eastern Bank Ltd,BALANCE SHEET,Total Deposits,Tk mn,2021,268019
Eastern Bank Ltd,BALANCE SHEET,Total Deposits,Tk mn,2020,242358
Eastern Bank Ltd,BALANCE SHEET,Total Deposits,Tk mn,2019,240164
Eastern Bank Ltd,BALANCE SHEET,Total Deposits,Tk mn,2018,199629
Eastern Bank Ltd,BALANCE SHEET,Total Deposits,Tk mn,2017,167348
Eastern Bank Ltd,BALANCE SHEET,Total Deposits,Tk mn,2016,N/A
Eastern Bank Ltd,BALANCE SHEET,Total Deposits,Tk mn,2015,127990
Eastern Bank Ltd,BALANCE SHEET,Shareholders' Equity,Tk mn,2025,50850
Eastern Bank Ltd,BALANCE SHEET,Shareholders' Equity,Tk mn,2024,43064
Eastern Bank Ltd,BALANCE SHEET,Shareholders' Equity,Tk mn,2023,37484
Eastern Bank Ltd,BALANCE SHEET,Shareholders' Equity,Tk mn,2022,35045
Eastern Bank Ltd,BALANCE SHEET,Shareholders' Equity,Tk mn,2021,31017
Eastern Bank Ltd,BALANCE SHEET,Shareholders' Equity,Tk mn,2020,28976
Eastern Bank Ltd,BALANCE SHEET,Shareholders' Equity,Tk mn,2019,25567
Eastern Bank Ltd,BALANCE SHEET,Shareholders' Equity,Tk mn,2018,22966
Eastern Bank Ltd,BALANCE SHEET,Shareholders' Equity,Tk mn,2017,21586
Eastern Bank Ltd,BALANCE SHEET,Shareholders' Equity,Tk mn,2016,N/A
Eastern Bank Ltd,BALANCE SHEET,Shareholders' Equity,Tk mn,2015,20496
Eastern Bank Ltd,INCOME STATEMENT,Net Interest Income,Tk mn,2025,9833
Eastern Bank Ltd,INCOME STATEMENT,Net Interest Income,Tk mn,2024,10585
Eastern Bank Ltd,INCOME STATEMENT,Net Interest Income,Tk mn,2023,8148
Eastern Bank Ltd,INCOME STATEMENT,Net Interest Income,Tk mn,2022,6699
Eastern Bank Ltd,INCOME STATEMENT,Net Interest Income,Tk mn,2021,7761
Eastern Bank Ltd,INCOME STATEMENT,Net Interest Income,Tk mn,2020,5930
Eastern Bank Ltd,INCOME STATEMENT,Net Interest Income,Tk mn,2019,8159
Eastern Bank Ltd,INCOME STATEMENT,Net Interest Income,Tk mn,2018,7506
Eastern Bank Ltd,INCOME STATEMENT,Net Interest Income,Tk mn,2017,5745
Eastern Bank Ltd,INCOME STATEMENT,Net Interest Income,Tk mn,2016,N/A
Eastern Bank Ltd,INCOME STATEMENT,Net Interest Income,Tk mn,2015,3545
Eastern Bank Ltd,INCOME STATEMENT,Non-Interest Income,Tk mn,2025,21144
Eastern Bank Ltd,INCOME STATEMENT,Non-Interest Income,Tk mn,2024,16042
Eastern Bank Ltd,INCOME STATEMENT,Non-Interest Income,Tk mn,2023,12380
Eastern Bank Ltd,INCOME STATEMENT,Non-Interest Income,Tk mn,2022,11090
Eastern Bank Ltd,INCOME STATEMENT,Non-Interest Income,Tk mn,2021,9397
Eastern Bank Ltd,INCOME STATEMENT,Non-Interest Income,Tk mn,2020,8204
Eastern Bank Ltd,INCOME STATEMENT,Non-Interest Income,Tk mn,2019,6439
Eastern Bank Ltd,INCOME STATEMENT,Non-Interest Income,Tk mn,2018,5633
Eastern Bank Ltd,INCOME STATEMENT,Non-Interest Income,Tk mn,2017,6656
Eastern Bank Ltd,INCOME STATEMENT,Non-Interest Income,Tk mn,2016,N/A
Eastern Bank Ltd,INCOME STATEMENT,Non-Interest Income,Tk mn,2015,6542
Eastern Bank Ltd,INCOME STATEMENT,Net Profit After Tax,Tk mn,2025,9010
Eastern Bank Ltd,INCOME STATEMENT,Net Profit After Tax,Tk mn,2024,7504
Eastern Bank Ltd,INCOME STATEMENT,Net Profit After Tax,Tk mn,2023,6109
Eastern Bank Ltd,INCOME STATEMENT,Net Profit After Tax,Tk mn,2022,5107
Eastern Bank Ltd,INCOME STATEMENT,Net Profit After Tax,Tk mn,2021,4654
Eastern Bank Ltd,INCOME STATEMENT,Net Profit After Tax,Tk mn,2020,4103
Eastern Bank Ltd,INCOME STATEMENT,Net Profit After Tax,Tk mn,2019,4008
Eastern Bank Ltd,INCOME STATEMENT,Net Profit After Tax,Tk mn,2018,3081
Eastern Bank Ltd,INCOME STATEMENT,Net Profit After Tax,Tk mn,2017,2405
Eastern Bank Ltd,INCOME STATEMENT,Net Profit After Tax,Tk mn,2016,N/A
Eastern Bank Ltd,INCOME STATEMENT,Net Profit After Tax,Tk mn,2015,2221
Eastern Bank Ltd,PER-SHARE & PROFITABILITY,EPS,BDT,2025,5.65
Eastern Bank Ltd,PER-SHARE & PROFITABILITY,EPS,BDT,2024,5.53
Eastern Bank Ltd,PER-SHARE & PROFITABILITY,EPS,BDT,2023,5.06
Eastern Bank Ltd,PER-SHARE & PROFITABILITY,EPS,BDT,2022,4.76
Eastern Bank Ltd,PER-SHARE & PROFITABILITY,EPS,BDT,2021,4.88
Eastern Bank Ltd,PER-SHARE & PROFITABILITY,EPS,BDT,2020,5.05
Eastern Bank Ltd,PER-SHARE & PROFITABILITY,EPS,BDT,2019,4.94
Eastern Bank Ltd,PER-SHARE & PROFITABILITY,EPS,BDT,2018,4.17
Eastern Bank Ltd,PER-SHARE & PROFITABILITY,EPS,BDT,2017,3.26
Eastern Bank Ltd,PER-SHARE & PROFITABILITY,EPS,BDT,2016,N/A
Eastern Bank Ltd,PER-SHARE & PROFITABILITY,EPS,BDT,2015,3.63
Eastern Bank Ltd,PER-SHARE & PROFITABILITY,ROA %,%,2025,1.31
Eastern Bank Ltd,PER-SHARE & PROFITABILITY,ROA %,%,2024,1.34
Eastern Bank Ltd,PER-SHARE & PROFITABILITY,ROA %,%,2023,1.27
Eastern Bank Ltd,PER-SHARE & PROFITABILITY,ROA %,%,2022,1.21
Eastern Bank Ltd,PER-SHARE & PROFITABILITY,ROA %,%,2021,1.28
Eastern Bank Ltd,PER-SHARE & PROFITABILITY,ROA %,%,2020,1.22
Eastern Bank Ltd,PER-SHARE & PROFITABILITY,ROA %,%,2019,1.3
Eastern Bank Ltd,PER-SHARE & PROFITABILITY,ROA %,%,2018,1.15
Eastern Bank Ltd,PER-SHARE & PROFITABILITY,ROA %,%,2017,1.04
Eastern Bank Ltd,PER-SHARE & PROFITABILITY,ROA %,%,2016,N/A
Eastern Bank Ltd,PER-SHARE & PROFITABILITY,ROA %,%,2015,1.23
Eastern Bank Ltd,PER-SHARE & PROFITABILITY,ROE %,%,2025,19.13
Eastern Bank Ltd,PER-SHARE & PROFITABILITY,ROE %,%,2024,18.63
Eastern Bank Ltd,PER-SHARE & PROFITABILITY,ROE %,%,2023,16.85
Eastern Bank Ltd,PER-SHARE & PROFITABILITY,ROE %,%,2022,15.46
Eastern Bank Ltd,PER-SHARE & PROFITABILITY,ROE %,%,2021,15.51
Eastern Bank Ltd,PER-SHARE & PROFITABILITY,ROE %,%,2020,15.04
Eastern Bank Ltd,PER-SHARE & PROFITABILITY,ROE %,%,2019,16.52
Eastern Bank Ltd,PER-SHARE & PROFITABILITY,ROE %,%,2018,13.83
Eastern Bank Ltd,PER-SHARE & PROFITABILITY,ROE %,%,2017,11.41
Eastern Bank Ltd,PER-SHARE & PROFITABILITY,ROE %,%,2016,N/A
Eastern Bank Ltd,PER-SHARE & PROFITABILITY,ROE %,%,2015,10.95
Eastern Bank Ltd,ASSET QUALITY,Loan-Deposit Ratio %,%,2025,74.65
Eastern Bank Ltd,ASSET QUALITY,Loan-Deposit Ratio %,%,2024,80.19
Eastern Bank Ltd,ASSET QUALITY,Loan-Deposit Ratio %,%,2023,79.45
Eastern Bank Ltd,ASSET QUALITY,Loan-Deposit Ratio %,%,2022,77.83
Eastern Bank Ltd,ASSET QUALITY,Loan-Deposit Ratio %,%,2021,79.69
Eastern Bank Ltd,ASSET QUALITY,Loan-Deposit Ratio %,%,2020,74.13
Eastern Bank Ltd,ASSET QUALITY,Loan-Deposit Ratio %,%,2019,77.2
Eastern Bank Ltd,ASSET QUALITY,Loan-Deposit Ratio %,%,2018,83.08
Eastern Bank Ltd,ASSET QUALITY,Loan-Deposit Ratio %,%,2017,83.06
Eastern Bank Ltd,ASSET QUALITY,Loan-Deposit Ratio %,%,2016,N/A
Eastern Bank Ltd,ASSET QUALITY,Loan-Deposit Ratio %,%,2015,87.87
Eastern Bank Ltd,ASSET QUALITY,NPL % (gross),%,2025,2.24
Eastern Bank Ltd,ASSET QUALITY,NPL % (gross),%,2024,3.34
Eastern Bank Ltd,ASSET QUALITY,NPL % (gross),%,2023,3.1
Eastern Bank Ltd,ASSET QUALITY,NPL % (gross),%,2022,2.78
Eastern Bank Ltd,ASSET QUALITY,NPL % (gross),%,2021,3.7
Eastern Bank Ltd,ASSET QUALITY,NPL % (gross),%,2020,2.72
Eastern Bank Ltd,ASSET QUALITY,NPL % (gross),%,2019,3.35
Eastern Bank Ltd,ASSET QUALITY,NPL % (gross),%,2018,2.35
Eastern Bank Ltd,ASSET QUALITY,NPL % (gross),%,2017,2.5
Eastern Bank Ltd,ASSET QUALITY,NPL % (gross),%,2016,N/A
Eastern Bank Ltd,ASSET QUALITY,NPL % (gross),%,2015,3.27
Eastern Bank Ltd,ASSET QUALITY,Provision Coverage %,%,2025,161.04
Eastern Bank Ltd,ASSET QUALITY,Provision Coverage %,%,2024,114.49
Eastern Bank Ltd,ASSET QUALITY,Provision Coverage %,%,2023,147.61
Eastern Bank Ltd,ASSET QUALITY,Provision Coverage %,%,2022,168.46
Eastern Bank Ltd,ASSET QUALITY,Provision Coverage %,%,2021,141.31
Eastern Bank Ltd,ASSET QUALITY,Provision Coverage %,%,2020,179.51
Eastern Bank Ltd,ASSET QUALITY,Provision Coverage %,%,2019,120.42
Eastern Bank Ltd,ASSET QUALITY,Provision Coverage %,%,2018,150.39
Eastern Bank Ltd,ASSET QUALITY,Provision Coverage %,%,2017,159.52
Eastern Bank Ltd,ASSET QUALITY,Provision Coverage %,%,2016,N/A
Eastern Bank Ltd,ASSET QUALITY,Provision Coverage %,%,2015,116.85
Eastern Bank Ltd,CAPITAL & EFFICIENCY,CRAR % (Group),%,2025,14.88
Eastern Bank Ltd,CAPITAL & EFFICIENCY,CRAR % (Group),%,2024,14.65
Eastern Bank Ltd,CAPITAL & EFFICIENCY,CRAR % (Group),%,2023,15.07
Eastern Bank Ltd,CAPITAL & EFFICIENCY,CRAR % (Group),%,2022,14.61
Eastern Bank Ltd,CAPITAL & EFFICIENCY,CRAR % (Group),%,2021,13.87
Eastern Bank Ltd,CAPITAL & EFFICIENCY,CRAR % (Group),%,2020,15.03
Eastern Bank Ltd,CAPITAL & EFFICIENCY,CRAR % (Group),%,2019,14.74
Eastern Bank Ltd,CAPITAL & EFFICIENCY,CRAR % (Group),%,2018,12.16
Eastern Bank Ltd,CAPITAL & EFFICIENCY,CRAR % (Group),%,2017,14.09
Eastern Bank Ltd,CAPITAL & EFFICIENCY,CRAR % (Group),%,2016,N/A
Eastern Bank Ltd,CAPITAL & EFFICIENCY,CRAR % (Group),%,2015,13.92
Eastern Bank Ltd,CAPITAL & EFFICIENCY,Cost-to-Income Ratio % (Group),%,2025,41.69
Eastern Bank Ltd,CAPITAL & EFFICIENCY,Cost-to-Income Ratio % (Group),%,2024,40.95
Eastern Bank Ltd,CAPITAL & EFFICIENCY,Cost-to-Income Ratio % (Group),%,2023,44.22
Eastern Bank Ltd,CAPITAL & EFFICIENCY,Cost-to-Income Ratio % (Group),%,2022,43.53
Eastern Bank Ltd,CAPITAL & EFFICIENCY,Cost-to-Income Ratio % (Group),%,2021,39.1
Eastern Bank Ltd,CAPITAL & EFFICIENCY,Cost-to-Income Ratio % (Group),%,2020,45.8
Eastern Bank Ltd,CAPITAL & EFFICIENCY,Cost-to-Income Ratio % (Group),%,2019,43.76
Eastern Bank Ltd,CAPITAL & EFFICIENCY,Cost-to-Income Ratio % (Group),%,2018,45.63
Eastern Bank Ltd,CAPITAL & EFFICIENCY,Cost-to-Income Ratio % (Group),%,2017,45.2
Eastern Bank Ltd,CAPITAL & EFFICIENCY,Cost-to-Income Ratio % (Group),%,2016,N/A
Eastern Bank Ltd,CAPITAL & EFFICIENCY,Cost-to-Income Ratio % (Group),%,2015,48.33
Eastern Bank Ltd,DERIVED METRICS,Estimated NPL amount (NPL% x Loans),Tk mn,2025,10685.7
Eastern Bank Ltd,DERIVED METRICS,Estimated NPL amount (NPL% x Loans),Tk mn,2024,13718
Eastern Bank Ltd,DERIVED METRICS,Estimated NPL amount (NPL% x Loans),Tk mn,2023,10954.1
Eastern Bank Ltd,DERIVED METRICS,Estimated NPL amount (NPL% x Loans),Tk mn,2022,8587.9
Eastern Bank Ltd,DERIVED METRICS,Estimated NPL amount (NPL% x Loans),Tk mn,2021,9967.6
Eastern Bank Ltd,DERIVED METRICS,Estimated NPL amount (NPL% x Loans),Tk mn,2020,6227.3
Eastern Bank Ltd,DERIVED METRICS,Estimated NPL amount (NPL% x Loans),Tk mn,2019,7773.7
Eastern Bank Ltd,DERIVED METRICS,Estimated NPL amount (NPL% x Loans),Tk mn,2018,4918.7
Eastern Bank Ltd,DERIVED METRICS,Estimated NPL amount (NPL% x Loans),Tk mn,2017,4600.7
Eastern Bank Ltd,DERIVED METRICS,Estimated NPL amount (NPL% x Loans),Tk mn,2016,N/A
Eastern Bank Ltd,DERIVED METRICS,Estimated NPL amount (NPL% x Loans),Tk mn,2015,4258.4
Eastern Bank Ltd,DERIVED METRICS,NPL / Total Assets % (estimated),%,2025,1.4
Eastern Bank Ltd,DERIVED METRICS,NPL / Total Assets % (estimated),%,2024,2.23
Eastern Bank Ltd,DERIVED METRICS,NPL / Total Assets % (estimated),%,2023,2.16
Eastern Bank Ltd,DERIVED METRICS,NPL / Total Assets % (estimated),%,2022,1.88
Eastern Bank Ltd,DERIVED METRICS,NPL / Total Assets % (estimated),%,2021,2.56
Eastern Bank Ltd,DERIVED METRICS,NPL / Total Assets % (estimated),%,2020,1.85
Eastern Bank Ltd,DERIVED METRICS,NPL / Total Assets % (estimated),%,2019,2.32
Eastern Bank Ltd,DERIVED METRICS,NPL / Total Assets % (estimated),%,2018,1.74
Eastern Bank Ltd,DERIVED METRICS,NPL / Total Assets % (estimated),%,2017,1.82
Eastern Bank Ltd,DERIVED METRICS,NPL / Total Assets % (estimated),%,2016,N/A
Eastern Bank Ltd,DERIVED METRICS,NPL / Total Assets % (estimated),%,2015,2.25
Eastern Bank Ltd,DERIVED METRICS,YoY NPAT growth %,%,2025,20.1
Eastern Bank Ltd,DERIVED METRICS,YoY NPAT growth %,%,2024,22.8
Eastern Bank Ltd,DERIVED METRICS,YoY NPAT growth %,%,2023,19.6
Eastern Bank Ltd,DERIVED METRICS,YoY NPAT growth %,%,2022,9.7
Eastern Bank Ltd,DERIVED METRICS,YoY NPAT growth %,%,2021,13.4
Eastern Bank Ltd,DERIVED METRICS,YoY NPAT growth %,%,2020,2.4
Eastern Bank Ltd,DERIVED METRICS,YoY NPAT growth %,%,2019,30.1
Eastern Bank Ltd,DERIVED METRICS,YoY NPAT growth %,%,2018,28.1
Eastern Bank Ltd,DERIVED METRICS,YoY NPAT growth %,%,2017,N/A
Eastern Bank Ltd,DERIVED METRICS,YoY NPAT growth %,%,2016,N/A
Eastern Bank Ltd,DERIVED METRICS,YoY NPAT growth %,%,2015,5.4
Eastern Bank Ltd,DERIVED METRICS,YoY Equity growth %,%,2025,18.1
Eastern Bank Ltd,DERIVED METRICS,YoY Equity growth %,%,2024,14.9
Eastern Bank Ltd,DERIVED METRICS,YoY Equity growth %,%,2023,7
Eastern Bank Ltd,DERIVED METRICS,YoY Equity growth %,%,2022,13
Eastern Bank Ltd,DERIVED METRICS,YoY Equity growth %,%,2021,7
Eastern Bank Ltd,DERIVED METRICS,YoY Equity growth %,%,2020,13.3
Eastern Bank Ltd,DERIVED METRICS,YoY Equity growth %,%,2019,11.3
Eastern Bank Ltd,DERIVED METRICS,YoY Equity growth %,%,2018,
Eastern Bank Ltd,DERIVED METRICS,YoY Equity growth %,%,2017,
Eastern Bank Ltd,DERIVED METRICS,YoY Equity growth %,%,2016,
Eastern Bank Ltd,DERIVED METRICS,YoY Equity growth %,%,2015,
Mutual Trust Bank,BALANCE SHEET,Total Assets,Tk mn,2025,505192
Mutual Trust Bank,BALANCE SHEET,Total Assets,Tk mn,2024,457204
Mutual Trust Bank,BALANCE SHEET,Total Assets,Tk mn,2023,366606
Mutual Trust Bank,BALANCE SHEET,Total Assets,Tk mn,2022,353644
Mutual Trust Bank,BALANCE SHEET,Total Assets,Tk mn,2021,306501
Mutual Trust Bank,BALANCE SHEET,Total Assets,Tk mn,2020,336936
Mutual Trust Bank,BALANCE SHEET,Total Assets,Tk mn,2019,335163
Mutual Trust Bank,BALANCE SHEET,Total Assets,Tk mn,2018,282451
Mutual Trust Bank,BALANCE SHEET,Total Assets,Tk mn,2017,253068
Mutual Trust Bank,BALANCE SHEET,Total Assets,Tk mn,2016,"165,370†"
Mutual Trust Bank,BALANCE SHEET,Total Assets,Tk mn,2015,189563
Mutual Trust Bank,BALANCE SHEET,Loans & Advances,Tk mn,2025,319105
Mutual Trust Bank,BALANCE SHEET,Loans & Advances,Tk mn,2024,300780
Mutual Trust Bank,BALANCE SHEET,Loans & Advances,Tk mn,2023,261023
Mutual Trust Bank,BALANCE SHEET,Loans & Advances,Tk mn,2022,253836
Mutual Trust Bank,BALANCE SHEET,Loans & Advances,Tk mn,2021,226012
Mutual Trust Bank,BALANCE SHEET,Loans & Advances,Tk mn,2020,228944
Mutual Trust Bank,BALANCE SHEET,Loans & Advances,Tk mn,2019,232051
Mutual Trust Bank,BALANCE SHEET,Loans & Advances,Tk mn,2018,209306
Mutual Trust Bank,BALANCE SHEET,Loans & Advances,Tk mn,2017,184027
Mutual Trust Bank,BALANCE SHEET,Loans & Advances,Tk mn,2016,"114,356†"
Mutual Trust Bank,BALANCE SHEET,Loans & Advances,Tk mn,2015,130226
Mutual Trust Bank,BALANCE SHEET,Total Deposits,Tk mn,2025,364086
Mutual Trust Bank,BALANCE SHEET,Total Deposits,Tk mn,2024,328837
Mutual Trust Bank,BALANCE SHEET,Total Deposits,Tk mn,2023,262584
Mutual Trust Bank,BALANCE SHEET,Total Deposits,Tk mn,2022,232657
Mutual Trust Bank,BALANCE SHEET,Total Deposits,Tk mn,2021,211782
Mutual Trust Bank,BALANCE SHEET,Total Deposits,Tk mn,2020,242358
Mutual Trust Bank,BALANCE SHEET,Total Deposits,Tk mn,2019,240164
Mutual Trust Bank,BALANCE SHEET,Total Deposits,Tk mn,2018,199629
Mutual Trust Bank,BALANCE SHEET,Total Deposits,Tk mn,2017,167348
Mutual Trust Bank,BALANCE SHEET,Total Deposits,Tk mn,2016,"131,272†"
Mutual Trust Bank,BALANCE SHEET,Total Deposits,Tk mn,2015,127990
Mutual Trust Bank,BALANCE SHEET,Shareholders' Equity,Tk mn,2025,30403
Mutual Trust Bank,BALANCE SHEET,Shareholders' Equity,Tk mn,2024,25505
Mutual Trust Bank,BALANCE SHEET,Shareholders' Equity,Tk mn,2023,24106
Mutual Trust Bank,BALANCE SHEET,Shareholders' Equity,Tk mn,2022,21331
Mutual Trust Bank,BALANCE SHEET,Shareholders' Equity,Tk mn,2021,19655
Mutual Trust Bank,BALANCE SHEET,Shareholders' Equity,Tk mn,2020,28976
Mutual Trust Bank,BALANCE SHEET,Shareholders' Equity,Tk mn,2019,25567
Mutual Trust Bank,BALANCE SHEET,Shareholders' Equity,Tk mn,2018,22966
Mutual Trust Bank,BALANCE SHEET,Shareholders' Equity,Tk mn,2017,21586
Mutual Trust Bank,BALANCE SHEET,Shareholders' Equity,Tk mn,2016,N/A
Mutual Trust Bank,BALANCE SHEET,Shareholders' Equity,Tk mn,2015,20496
Mutual Trust Bank,INCOME STATEMENT,Net Interest Income,Tk mn,2025,2848
Mutual Trust Bank,INCOME STATEMENT,Net Interest Income,Tk mn,2024,8065
Mutual Trust Bank,INCOME STATEMENT,Net Interest Income,Tk mn,2023,7253
Mutual Trust Bank,INCOME STATEMENT,Net Interest Income,Tk mn,2022,3867
Mutual Trust Bank,INCOME STATEMENT,Net Interest Income,Tk mn,2021,5747
Mutual Trust Bank,INCOME STATEMENT,Net Interest Income,Tk mn,2020,5930
Mutual Trust Bank,INCOME STATEMENT,Net Interest Income,Tk mn,2019,8159
Mutual Trust Bank,INCOME STATEMENT,Net Interest Income,Tk mn,2018,7506
Mutual Trust Bank,INCOME STATEMENT,Net Interest Income,Tk mn,2017,5745
Mutual Trust Bank,INCOME STATEMENT,Net Interest Income,Tk mn,2016,N/A
Mutual Trust Bank,INCOME STATEMENT,Net Interest Income,Tk mn,2015,3545
Mutual Trust Bank,INCOME STATEMENT,Non-Interest Income,Tk mn,2025,19647
Mutual Trust Bank,INCOME STATEMENT,Non-Interest Income,Tk mn,2024,14444
Mutual Trust Bank,INCOME STATEMENT,Non-Interest Income,Tk mn,2023,10233
Mutual Trust Bank,INCOME STATEMENT,Non-Interest Income,Tk mn,2022,12235
Mutual Trust Bank,INCOME STATEMENT,Non-Interest Income,Tk mn,2021,7057
Mutual Trust Bank,INCOME STATEMENT,Non-Interest Income,Tk mn,2020,8204
Mutual Trust Bank,INCOME STATEMENT,Non-Interest Income,Tk mn,2019,6439
Mutual Trust Bank,INCOME STATEMENT,Non-Interest Income,Tk mn,2018,5633
Mutual Trust Bank,INCOME STATEMENT,Non-Interest Income,Tk mn,2017,6656
Mutual Trust Bank,INCOME STATEMENT,Non-Interest Income,Tk mn,2016,N/A
Mutual Trust Bank,INCOME STATEMENT,Non-Interest Income,Tk mn,2015,6542
Mutual Trust Bank,INCOME STATEMENT,Net Profit After Tax,Tk mn,2025,3393
Mutual Trust Bank,INCOME STATEMENT,Net Profit After Tax,Tk mn,2024,3167
Mutual Trust Bank,INCOME STATEMENT,Net Profit After Tax,Tk mn,2023,2860
Mutual Trust Bank,INCOME STATEMENT,Net Profit After Tax,Tk mn,2022,2369
Mutual Trust Bank,INCOME STATEMENT,Net Profit After Tax,Tk mn,2021,2973
Mutual Trust Bank,INCOME STATEMENT,Net Profit After Tax,Tk mn,2020,4103
Mutual Trust Bank,INCOME STATEMENT,Net Profit After Tax,Tk mn,2019,4008
Mutual Trust Bank,INCOME STATEMENT,Net Profit After Tax,Tk mn,2018,3081
Mutual Trust Bank,INCOME STATEMENT,Net Profit After Tax,Tk mn,2017,2405
Mutual Trust Bank,INCOME STATEMENT,Net Profit After Tax,Tk mn,2016,1464
Mutual Trust Bank,INCOME STATEMENT,Net Profit After Tax,Tk mn,2015,2221
Mutual Trust Bank,PER-SHARE & PROFITABILITY,EPS,BDT,2025,3.14
Mutual Trust Bank,PER-SHARE & PROFITABILITY,EPS,BDT,2024,3.22
Mutual Trust Bank,PER-SHARE & PROFITABILITY,EPS,BDT,2023,2.91
Mutual Trust Bank,PER-SHARE & PROFITABILITY,EPS,BDT,2022,2.65
Mutual Trust Bank,PER-SHARE & PROFITABILITY,EPS,BDT,2021,3.66
Mutual Trust Bank,PER-SHARE & PROFITABILITY,EPS,BDT,2020,5.05
Mutual Trust Bank,PER-SHARE & PROFITABILITY,EPS,BDT,2019,4.94
Mutual Trust Bank,PER-SHARE & PROFITABILITY,EPS,BDT,2018,4.17
Mutual Trust Bank,PER-SHARE & PROFITABILITY,EPS,BDT,2017,3.26
Mutual Trust Bank,PER-SHARE & PROFITABILITY,EPS,BDT,2016,3.3
Mutual Trust Bank,PER-SHARE & PROFITABILITY,EPS,BDT,2015,3.63
Mutual Trust Bank,PER-SHARE & PROFITABILITY,ROA %,%,2025,0.0071
Mutual Trust Bank,PER-SHARE & PROFITABILITY,ROA %,%,2024,0.0077
Mutual Trust Bank,PER-SHARE & PROFITABILITY,ROA %,%,2023,0.0079
Mutual Trust Bank,PER-SHARE & PROFITABILITY,ROA %,%,2022,0.0072
Mutual Trust Bank,PER-SHARE & PROFITABILITY,ROA %,%,2021,0.0103
Mutual Trust Bank,PER-SHARE & PROFITABILITY,ROA %,%,2020,0.0122
Mutual Trust Bank,PER-SHARE & PROFITABILITY,ROA %,%,2019,0.013
Mutual Trust Bank,PER-SHARE & PROFITABILITY,ROA %,%,2018,0.0115
Mutual Trust Bank,PER-SHARE & PROFITABILITY,ROA %,%,2017,0.0104
Mutual Trust Bank,PER-SHARE & PROFITABILITY,ROA %,%,2016,N/A
Mutual Trust Bank,PER-SHARE & PROFITABILITY,ROA %,%,2015,0.0123
Mutual Trust Bank,PER-SHARE & PROFITABILITY,ROE %,%,2025,0.1214
Mutual Trust Bank,PER-SHARE & PROFITABILITY,ROE %,%,2024,0.1277
Mutual Trust Bank,PER-SHARE & PROFITABILITY,ROE %,%,2023,0.1259
Mutual Trust Bank,PER-SHARE & PROFITABILITY,ROE %,%,2022,0.1156
Mutual Trust Bank,PER-SHARE & PROFITABILITY,ROE %,%,2021,0.1622
Mutual Trust Bank,PER-SHARE & PROFITABILITY,ROE %,%,2020,0.1504
Mutual Trust Bank,PER-SHARE & PROFITABILITY,ROE %,%,2019,0.1652
Mutual Trust Bank,PER-SHARE & PROFITABILITY,ROE %,%,2018,0.1383
Mutual Trust Bank,PER-SHARE & PROFITABILITY,ROE %,%,2017,0.1141
Mutual Trust Bank,PER-SHARE & PROFITABILITY,ROE %,%,2016,0.1561
Mutual Trust Bank,PER-SHARE & PROFITABILITY,ROE %,%,2015,0.1095
Mutual Trust Bank,ASSET QUALITY,Loan-Deposit Ratio %,%,2025,0.7505
Mutual Trust Bank,ASSET QUALITY,Loan-Deposit Ratio %,%,2024,0.7676
Mutual Trust Bank,ASSET QUALITY,Loan-Deposit Ratio %,%,2023,0.8419
Mutual Trust Bank,ASSET QUALITY,Loan-Deposit Ratio %,%,2022,0.8397
Mutual Trust Bank,ASSET QUALITY,Loan-Deposit Ratio %,%,2021,0.8242
Mutual Trust Bank,ASSET QUALITY,Loan-Deposit Ratio %,%,2020,0.7413
Mutual Trust Bank,ASSET QUALITY,Loan-Deposit Ratio %,%,2019,0.772
Mutual Trust Bank,ASSET QUALITY,Loan-Deposit Ratio %,%,2018,0.8308
Mutual Trust Bank,ASSET QUALITY,Loan-Deposit Ratio %,%,2017,0.8306
Mutual Trust Bank,ASSET QUALITY,Loan-Deposit Ratio %,%,2016,N/A
Mutual Trust Bank,ASSET QUALITY,Loan-Deposit Ratio %,%,2015,0.8787
Mutual Trust Bank,ASSET QUALITY,NPL % (gross),%,2025,0.0577
Mutual Trust Bank,ASSET QUALITY,NPL % (gross),%,2024,0.0695
Mutual Trust Bank,ASSET QUALITY,NPL % (gross),%,2023,0.066
Mutual Trust Bank,ASSET QUALITY,NPL % (gross),%,2022,0.0577
Mutual Trust Bank,ASSET QUALITY,NPL % (gross),%,2021,0.058
Mutual Trust Bank,ASSET QUALITY,NPL % (gross),%,2020,0.0272
Mutual Trust Bank,ASSET QUALITY,NPL % (gross),%,2019,0.0335
Mutual Trust Bank,ASSET QUALITY,NPL % (gross),%,2018,0.0235
Mutual Trust Bank,ASSET QUALITY,NPL % (gross),%,2017,0.025
Mutual Trust Bank,ASSET QUALITY,NPL % (gross),%,2016,N/A
Mutual Trust Bank,ASSET QUALITY,NPL % (gross),%,2015,0.0327
Mutual Trust Bank,ASSET QUALITY,Provision Coverage %,%,2025,1.1107
Mutual Trust Bank,ASSET QUALITY,Provision Coverage %,%,2024,0.9666
Mutual Trust Bank,ASSET QUALITY,Provision Coverage %,%,2023,0.917
Mutual Trust Bank,ASSET QUALITY,Provision Coverage %,%,2022,0.857
Mutual Trust Bank,ASSET QUALITY,Provision Coverage %,%,2021,0.7111
Mutual Trust Bank,ASSET QUALITY,Provision Coverage %,%,2020,1.7951
Mutual Trust Bank,ASSET QUALITY,Provision Coverage %,%,2019,1.2042
Mutual Trust Bank,ASSET QUALITY,Provision Coverage %,%,2018,1.5039
Mutual Trust Bank,ASSET QUALITY,Provision Coverage %,%,2017,1.5952
Mutual Trust Bank,ASSET QUALITY,Provision Coverage %,%,2016,N/A
Mutual Trust Bank,ASSET QUALITY,Provision Coverage %,%,2015,1.1685
Mutual Trust Bank,CAPITAL & EFFICIENCY,CRAR % (Group),%,2025,0.1355
Mutual Trust Bank,CAPITAL & EFFICIENCY,CRAR % (Group),%,2024,0.1362
Mutual Trust Bank,CAPITAL & EFFICIENCY,CRAR % (Group),%,2023,0.1498
Mutual Trust Bank,CAPITAL & EFFICIENCY,CRAR % (Group),%,2022,0.145
Mutual Trust Bank,CAPITAL & EFFICIENCY,CRAR % (Group),%,2021,0.1441
Mutual Trust Bank,CAPITAL & EFFICIENCY,CRAR % (Group),%,2020,0.1503
Mutual Trust Bank,CAPITAL & EFFICIENCY,CRAR % (Group),%,2019,0.1474
Mutual Trust Bank,CAPITAL & EFFICIENCY,CRAR % (Group),%,2018,0.1216
Mutual Trust Bank,CAPITAL & EFFICIENCY,CRAR % (Group),%,2017,0.1409
Mutual Trust Bank,CAPITAL & EFFICIENCY,CRAR % (Group),%,2016,N/A‡
Mutual Trust Bank,CAPITAL & EFFICIENCY,CRAR % (Group),%,2015,0.1392
Mutual Trust Bank,CAPITAL & EFFICIENCY,Cost-to-Income Ratio % (Group),%,2025,0.5379
Mutual Trust Bank,CAPITAL & EFFICIENCY,Cost-to-Income Ratio % (Group),%,2024,0.4759
Mutual Trust Bank,CAPITAL & EFFICIENCY,Cost-to-Income Ratio % (Group),%,2023,0.5305
Mutual Trust Bank,CAPITAL & EFFICIENCY,Cost-to-Income Ratio % (Group),%,2022,0.5154
Mutual Trust Bank,CAPITAL & EFFICIENCY,Cost-to-Income Ratio % (Group),%,2021,0.5579
Mutual Trust Bank,CAPITAL & EFFICIENCY,Cost-to-Income Ratio % (Group),%,2020,0.458
Mutual Trust Bank,CAPITAL & EFFICIENCY,Cost-to-Income Ratio % (Group),%,2019,0.4376
Mutual Trust Bank,CAPITAL & EFFICIENCY,Cost-to-Income Ratio % (Group),%,2018,0.4563
Mutual Trust Bank,CAPITAL & EFFICIENCY,Cost-to-Income Ratio % (Group),%,2017,0.452
Mutual Trust Bank,CAPITAL & EFFICIENCY,Cost-to-Income Ratio % (Group),%,2016,N/A
Mutual Trust Bank,CAPITAL & EFFICIENCY,Cost-to-Income Ratio % (Group),%,2015,0.4833
Mutual Trust Bank,DERIVED METRICS,Estimated NPL amount,Tk mn,2025,18412.76
Mutual Trust Bank,DERIVED METRICS,Estimated NPL amount,Tk mn,2024,20904.21
Mutual Trust Bank,DERIVED METRICS,Estimated NPL amount,Tk mn,2023,17227.52
Mutual Trust Bank,DERIVED METRICS,Estimated NPL amount,Tk mn,2022,14646.3
Mutual Trust Bank,DERIVED METRICS,Estimated NPL amount,Tk mn,2021,13108.7
Mutual Trust Bank,DERIVED METRICS,Estimated NPL amount,Tk mn,2020,6227.3
Mutual Trust Bank,DERIVED METRICS,Estimated NPL amount,Tk mn,2019,7773.7
Mutual Trust Bank,DERIVED METRICS,Estimated NPL amount,Tk mn,2018,4918.7
Mutual Trust Bank,DERIVED METRICS,Estimated NPL amount,Tk mn,2017,4600.7
Mutual Trust Bank,DERIVED METRICS,Estimated NPL amount,Tk mn,2016,N/A
Mutual Trust Bank,DERIVED METRICS,Estimated NPL amount,Tk mn,2015,4258.4
Mutual Trust Bank,DERIVED METRICS,NPL / Total Assets %,%,2025,0.0364
Mutual Trust Bank,DERIVED METRICS,NPL / Total Assets %,%,2024,0.0457
Mutual Trust Bank,DERIVED METRICS,NPL / Total Assets %,%,2023,0.047
Mutual Trust Bank,DERIVED METRICS,NPL / Total Assets %,%,2022,0.0414
Mutual Trust Bank,DERIVED METRICS,NPL / Total Assets %,%,2021,0.0428
Mutual Trust Bank,DERIVED METRICS,NPL / Total Assets %,%,2020,0.0185
Mutual Trust Bank,DERIVED METRICS,NPL / Total Assets %,%,2019,0.0232
Mutual Trust Bank,DERIVED METRICS,NPL / Total Assets %,%,2018,0.0174
Mutual Trust Bank,DERIVED METRICS,NPL / Total Assets %,%,2017,0.0182
Mutual Trust Bank,DERIVED METRICS,NPL / Total Assets %,%,2016,N/A
Mutual Trust Bank,DERIVED METRICS,NPL / Total Assets %,%,2015,0.0225
Mutual Trust Bank,DERIVED METRICS,YoY NPAT growth %,%,2025,0.0714
Mutual Trust Bank,DERIVED METRICS,YoY NPAT growth %,%,2024,0.1073
Mutual Trust Bank,DERIVED METRICS,YoY NPAT growth %,%,2023,0.2073
Mutual Trust Bank,DERIVED METRICS,YoY NPAT growth %,%,2022,-0.2032
Mutual Trust Bank,DERIVED METRICS,YoY NPAT growth %,%,2021,n/a*
Mutual Trust Bank,DERIVED METRICS,YoY NPAT growth %,%,2020,0.024
Mutual Trust Bank,DERIVED METRICS,YoY NPAT growth %,%,2019,0.301
Mutual Trust Bank,DERIVED METRICS,YoY NPAT growth %,%,2018,0.281
Mutual Trust Bank,DERIVED METRICS,YoY NPAT growth %,%,2017,N/A
Mutual Trust Bank,DERIVED METRICS,YoY NPAT growth %,%,2016,0.0713
Mutual Trust Bank,DERIVED METRICS,YoY NPAT growth %,%,2015,0.054
Mutual Trust Bank,DERIVED METRICS,YoY Equity growth %,%,2025,0.192
Mutual Trust Bank,DERIVED METRICS,YoY Equity growth %,%,2024,0.058
Mutual Trust Bank,DERIVED METRICS,YoY Equity growth %,%,2023,0.1301
Mutual Trust Bank,DERIVED METRICS,YoY Equity growth %,%,2022,0.0853
Mutual Trust Bank,DERIVED METRICS,YoY Equity growth %,%,2021,n/a*
Mutual Trust Bank,DERIVED METRICS,YoY Equity growth %,%,2020,0.133
Mutual Trust Bank,DERIVED METRICS,YoY Equity growth %,%,2019,0.113
Mutual Trust Bank,DERIVED METRICS,YoY Equity growth %,%,2018,N/A
Mutual Trust Bank,DERIVED METRICS,YoY Equity growth %,%,2017,N/A
Mutual Trust Bank,DERIVED METRICS,YoY Equity growth %,%,2016,N/A
Mutual Trust Bank,DERIVED METRICS,YoY Equity growth %,%,2015,N/A
Prime Bank PLC,BALANCE SHEET,Total Assets,Tk mn,2025,648977
Prime Bank PLC,BALANCE SHEET,Total Assets,Tk mn,2024,548118
Prime Bank PLC,BALANCE SHEET,Total Assets,Tk mn,2023,471285
Prime Bank PLC,BALANCE SHEET,Total Assets,Tk mn,2022,431604
Prime Bank PLC,BALANCE SHEET,Total Assets,Tk mn,2021,388100
Prime Bank PLC,BALANCE SHEET,Total Assets,Tk mn,2020,345724
Prime Bank PLC,BALANCE SHEET,Total Assets,Tk mn,2019,323788
Prime Bank PLC,BALANCE SHEET,Total Assets,Tk mn,2018,295613
Prime Bank PLC,BALANCE SHEET,Total Assets,Tk mn,2017,281467
Prime Bank PLC,BALANCE SHEET,Total Assets,Tk mn,2016,256599
Prime Bank PLC,BALANCE SHEET,Total Assets,Tk mn,2015,252161
Prime Bank PLC,BALANCE SHEET,Loans & Advances,Tk mn,2025,353255
Prime Bank PLC,BALANCE SHEET,Loans & Advances,Tk mn,2024,343458
Prime Bank PLC,BALANCE SHEET,Loans & Advances,Tk mn,2023,315293
Prime Bank PLC,BALANCE SHEET,Loans & Advances,Tk mn,2022,296481
Prime Bank PLC,BALANCE SHEET,Loans & Advances,Tk mn,2021,263015
Prime Bank PLC,BALANCE SHEET,Loans & Advances,Tk mn,2020,232400
Prime Bank PLC,BALANCE SHEET,Loans & Advances,Tk mn,2019,213955
Prime Bank PLC,BALANCE SHEET,Loans & Advances,Tk mn,2018,205810
Prime Bank PLC,BALANCE SHEET,Loans & Advances,Tk mn,2017,198323
Prime Bank PLC,BALANCE SHEET,Loans & Advances,Tk mn,2016,170212
Prime Bank PLC,BALANCE SHEET,Loans & Advances,Tk mn,2015,151865
Prime Bank PLC,BALANCE SHEET,Total Deposits,Tk mn,2025,444943
Prime Bank PLC,BALANCE SHEET,Total Deposits,Tk mn,2024,358868
Prime Bank PLC,BALANCE SHEET,Total Deposits,Tk mn,2023,305269
Prime Bank PLC,BALANCE SHEET,Total Deposits,Tk mn,2022,265841
Prime Bank PLC,BALANCE SHEET,Total Deposits,Tk mn,2021,243070
Prime Bank PLC,BALANCE SHEET,Total Deposits,Tk mn,2020,233028
Prime Bank PLC,BALANCE SHEET,Total Deposits,Tk mn,2019,216444
Prime Bank PLC,BALANCE SHEET,Total Deposits,Tk mn,2018,197518
Prime Bank PLC,BALANCE SHEET,Total Deposits,Tk mn,2017,199014
Prime Bank PLC,BALANCE SHEET,Total Deposits,Tk mn,2016,197934
Prime Bank PLC,BALANCE SHEET,Total Deposits,Tk mn,2015,194825
Prime Bank PLC,BALANCE SHEET,Shareholders' Equity,Tk mn,2025,46394
Prime Bank PLC,BALANCE SHEET,Shareholders' Equity,Tk mn,2024,39020
Prime Bank PLC,BALANCE SHEET,Shareholders' Equity,Tk mn,2023,33614
Prime Bank PLC,BALANCE SHEET,Shareholders' Equity,Tk mn,2022,30863
Prime Bank PLC,BALANCE SHEET,Shareholders' Equity,Tk mn,2021,28377
Prime Bank PLC,BALANCE SHEET,Shareholders' Equity,Tk mn,2020,27254
Prime Bank PLC,BALANCE SHEET,Shareholders' Equity,Tk mn,2019,28150
Prime Bank PLC,BALANCE SHEET,Shareholders' Equity,Tk mn,2018,27894
Prime Bank PLC,BALANCE SHEET,Shareholders' Equity,Tk mn,2017,24901
Prime Bank PLC,BALANCE SHEET,Shareholders' Equity,Tk mn,2016,25285
Prime Bank PLC,BALANCE SHEET,Shareholders' Equity,Tk mn,2015,26415
Prime Bank PLC,INCOME STATEMENT,Net Interest Income,Tk mn,2025,3766
Prime Bank PLC,INCOME STATEMENT,Net Interest Income,Tk mn,2024,9222
Prime Bank PLC,INCOME STATEMENT,Net Interest Income,Tk mn,2023,9284
Prime Bank PLC,INCOME STATEMENT,Net Interest Income,Tk mn,2022,8363
Prime Bank PLC,INCOME STATEMENT,Net Interest Income,Tk mn,2021,8063
Prime Bank PLC,INCOME STATEMENT,Net Interest Income,Tk mn,2020,5574
Prime Bank PLC,INCOME STATEMENT,Net Interest Income,Tk mn,2019,8273
Prime Bank PLC,INCOME STATEMENT,Net Interest Income,Tk mn,2018,7650
Prime Bank PLC,INCOME STATEMENT,Net Interest Income,Tk mn,2017,4894
Prime Bank PLC,INCOME STATEMENT,Net Interest Income,Tk mn,2016,3313
Prime Bank PLC,INCOME STATEMENT,Net Interest Income,Tk mn,2015,1294
Prime Bank PLC,INCOME STATEMENT,Non-Interest Income,Tk mn,2025,21770
Prime Bank PLC,INCOME STATEMENT,Non-Interest Income,Tk mn,2024,14616
Prime Bank PLC,INCOME STATEMENT,Non-Interest Income,Tk mn,2023,8483
Prime Bank PLC,INCOME STATEMENT,Non-Interest Income,Tk mn,2022,8139
Prime Bank PLC,INCOME STATEMENT,Non-Interest Income,Tk mn,2021,6986
Prime Bank PLC,INCOME STATEMENT,Non-Interest Income,Tk mn,2020,7080
Prime Bank PLC,INCOME STATEMENT,Non-Interest Income,Tk mn,2019,5858
Prime Bank PLC,INCOME STATEMENT,Non-Interest Income,Tk mn,2018,5250
Prime Bank PLC,INCOME STATEMENT,Non-Interest Income,Tk mn,2017,7255
Prime Bank PLC,INCOME STATEMENT,Non-Interest Income,Tk mn,2016,8710
Prime Bank PLC,INCOME STATEMENT,Non-Interest Income,Tk mn,2015,10779
Prime Bank PLC,INCOME STATEMENT,Net Profit After Tax,Tk mn,2025,8904
Prime Bank PLC,INCOME STATEMENT,Net Profit After Tax,Tk mn,2024,7446
Prime Bank PLC,INCOME STATEMENT,Net Profit After Tax,Tk mn,2023,4838
Prime Bank PLC,INCOME STATEMENT,Net Profit After Tax,Tk mn,2022,4022
Prime Bank PLC,INCOME STATEMENT,Net Profit After Tax,Tk mn,2021,3111
Prime Bank PLC,INCOME STATEMENT,Net Profit After Tax,Tk mn,2020,1797
Prime Bank PLC,INCOME STATEMENT,Net Profit After Tax,Tk mn,2019,1662
Prime Bank PLC,INCOME STATEMENT,Net Profit After Tax,Tk mn,2018,2193
Prime Bank PLC,INCOME STATEMENT,Net Profit After Tax,Tk mn,2017,1252
Prime Bank PLC,INCOME STATEMENT,Net Profit After Tax,Tk mn,2016,2195
Prime Bank PLC,INCOME STATEMENT,Net Profit After Tax,Tk mn,2015,2139
Prime Bank PLC,PER-SHARE & PROFITABILITY,EPS,BDT,2025,7.67
Prime Bank PLC,PER-SHARE & PROFITABILITY,EPS,BDT,2024,6.42
Prime Bank PLC,PER-SHARE & PROFITABILITY,EPS,BDT,2023,4.27
Prime Bank PLC,PER-SHARE & PROFITABILITY,EPS,BDT,2022,3.55
Prime Bank PLC,PER-SHARE & PROFITABILITY,EPS,BDT,2021,2.75
Prime Bank PLC,PER-SHARE & PROFITABILITY,EPS,BDT,2020,1.59
Prime Bank PLC,PER-SHARE & PROFITABILITY,EPS,BDT,2019,1.47
Prime Bank PLC,PER-SHARE & PROFITABILITY,EPS,BDT,2018,1.94
Prime Bank PLC,PER-SHARE & PROFITABILITY,EPS,BDT,2017,1.11
Prime Bank PLC,PER-SHARE & PROFITABILITY,EPS,BDT,2016,2.13
Prime Bank PLC,PER-SHARE & PROFITABILITY,EPS,BDT,2015,2.08
Prime Bank PLC,PER-SHARE & PROFITABILITY,ROA %,%,2025,1.49
Prime Bank PLC,PER-SHARE & PROFITABILITY,ROA %,%,2024,1.46
Prime Bank PLC,PER-SHARE & PROFITABILITY,ROA %,%,2023,1.07
Prime Bank PLC,PER-SHARE & PROFITABILITY,ROA %,%,2022,0.98
Prime Bank PLC,PER-SHARE & PROFITABILITY,ROA %,%,2021,0.85
Prime Bank PLC,PER-SHARE & PROFITABILITY,ROA %,%,2020,0.54
Prime Bank PLC,PER-SHARE & PROFITABILITY,ROA %,%,2019,0.54
Prime Bank PLC,PER-SHARE & PROFITABILITY,ROA %,%,2018,0.76
Prime Bank PLC,PER-SHARE & PROFITABILITY,ROA %,%,2017,0.45
Prime Bank PLC,PER-SHARE & PROFITABILITY,ROA %,%,2016,0.86
Prime Bank PLC,PER-SHARE & PROFITABILITY,ROA %,%,2015,0.84
Prime Bank PLC,PER-SHARE & PROFITABILITY,ROE %,%,2025,20.85
Prime Bank PLC,PER-SHARE & PROFITABILITY,ROE %,%,2024,20.56
Prime Bank PLC,PER-SHARE & PROFITABILITY,ROE %,%,2023,15.01
Prime Bank PLC,PER-SHARE & PROFITABILITY,ROE %,%,2022,13.58
Prime Bank PLC,PER-SHARE & PROFITABILITY,ROE %,%,2021,11.18
Prime Bank PLC,PER-SHARE & PROFITABILITY,ROE %,%,2020,6.67
Prime Bank PLC,PER-SHARE & PROFITABILITY,ROE %,%,2019,5.93
Prime Bank PLC,PER-SHARE & PROFITABILITY,ROE %,%,2018,8.31
Prime Bank PLC,PER-SHARE & PROFITABILITY,ROE %,%,2017,5.07
Prime Bank PLC,PER-SHARE & PROFITABILITY,ROE %,%,2016,8.49
Prime Bank PLC,PER-SHARE & PROFITABILITY,ROE %,%,2015,8.41
Prime Bank PLC,ASSET QUALITY,Loan-Deposit Ratio %,%,2025,68.28
Prime Bank PLC,ASSET QUALITY,Loan-Deposit Ratio %,%,2024,78.1
Prime Bank PLC,ASSET QUALITY,Loan-Deposit Ratio %,%,2023,79.35
Prime Bank PLC,ASSET QUALITY,Loan-Deposit Ratio %,%,2022,85.3
Prime Bank PLC,ASSET QUALITY,Loan-Deposit Ratio %,%,2021,83.99
Prime Bank PLC,ASSET QUALITY,Loan-Deposit Ratio %,%,2020,79.5
Prime Bank PLC,ASSET QUALITY,Loan-Deposit Ratio %,%,2019,80.11
Prime Bank PLC,ASSET QUALITY,Loan-Deposit Ratio %,%,2018,82.65
Prime Bank PLC,ASSET QUALITY,Loan-Deposit Ratio %,%,2017,84.43
Prime Bank PLC,ASSET QUALITY,Loan-Deposit Ratio %,%,2016,85.99
Prime Bank PLC,ASSET QUALITY,Loan-Deposit Ratio %,%,2015,77.95
Prime Bank PLC,ASSET QUALITY,NPL % (gross),%,2025,2.73
Prime Bank PLC,ASSET QUALITY,NPL % (gross),%,2024,4.22
Prime Bank PLC,ASSET QUALITY,NPL % (gross),%,2023,3.54
Prime Bank PLC,ASSET QUALITY,NPL % (gross),%,2022,3.42
Prime Bank PLC,ASSET QUALITY,NPL % (gross),%,2021,4.83
Prime Bank PLC,ASSET QUALITY,NPL % (gross),%,2020,3.46
Prime Bank PLC,ASSET QUALITY,NPL % (gross),%,2019,4.66
Prime Bank PLC,ASSET QUALITY,NPL % (gross),%,2018,6.16
Prime Bank PLC,ASSET QUALITY,NPL % (gross),%,2017,5.45
Prime Bank PLC,ASSET QUALITY,NPL % (gross),%,2016,5.96
Prime Bank PLC,ASSET QUALITY,NPL % (gross),%,2015,7.82
Prime Bank PLC,ASSET QUALITY,Provision Coverage %,%,2025,151
Prime Bank PLC,ASSET QUALITY,Provision Coverage %,%,2024,119
Prime Bank PLC,ASSET QUALITY,Provision Coverage %,%,2023,150
Prime Bank PLC,ASSET QUALITY,Provision Coverage %,%,2022,140
Prime Bank PLC,ASSET QUALITY,Provision Coverage %,%,2021,109
Prime Bank PLC,ASSET QUALITY,Provision Coverage %,%,2020,151
Prime Bank PLC,ASSET QUALITY,Provision Coverage %,%,2019,103
Prime Bank PLC,ASSET QUALITY,Provision Coverage %,%,2018,65
Prime Bank PLC,ASSET QUALITY,Provision Coverage %,%,2017,83
Prime Bank PLC,ASSET QUALITY,Provision Coverage %,%,2016,33.53
Prime Bank PLC,ASSET QUALITY,Provision Coverage %,%,2015,44.83
Prime Bank PLC,CAPITAL & EFFICIENCY,CRAR % (Group),%,2025,18.07
Prime Bank PLC,CAPITAL & EFFICIENCY,CRAR % (Group),%,2024,17.37
Prime Bank PLC,CAPITAL & EFFICIENCY,CRAR % (Group),%,2023,17.59
Prime Bank PLC,CAPITAL & EFFICIENCY,CRAR % (Group),%,2022,16.78
Prime Bank PLC,CAPITAL & EFFICIENCY,CRAR % (Group),%,2021,17.17
Prime Bank PLC,CAPITAL & EFFICIENCY,CRAR % (Group),%,2020,17.28
Prime Bank PLC,CAPITAL & EFFICIENCY,CRAR % (Group),%,2019,17.42
Prime Bank PLC,CAPITAL & EFFICIENCY,CRAR % (Group),%,2018,17.04
Prime Bank PLC,CAPITAL & EFFICIENCY,CRAR % (Group),%,2017,14.01
Prime Bank PLC,CAPITAL & EFFICIENCY,CRAR % (Group),%,2016,12.3
Prime Bank PLC,CAPITAL & EFFICIENCY,CRAR % (Group),%,2015,12.69
Prime Bank PLC,CAPITAL & EFFICIENCY,Cost-to-Income Ratio % (Group),%,2025,44.23
Prime Bank PLC,CAPITAL & EFFICIENCY,Cost-to-Income Ratio % (Group),%,2024,40.15
Prime Bank PLC,CAPITAL & EFFICIENCY,Cost-to-Income Ratio % (Group),%,2023,47.12
Prime Bank PLC,CAPITAL & EFFICIENCY,Cost-to-Income Ratio % (Group),%,2022,46.99
Prime Bank PLC,CAPITAL & EFFICIENCY,Cost-to-Income Ratio % (Group),%,2021,45.24
Prime Bank PLC,CAPITAL & EFFICIENCY,Cost-to-Income Ratio % (Group),%,2020,54.88
Prime Bank PLC,CAPITAL & EFFICIENCY,Cost-to-Income Ratio % (Group),%,2019,50.82
Prime Bank PLC,CAPITAL & EFFICIENCY,Cost-to-Income Ratio % (Group),%,2018,55.66
Prime Bank PLC,CAPITAL & EFFICIENCY,Cost-to-Income Ratio % (Group),%,2017,55.98
Prime Bank PLC,CAPITAL & EFFICIENCY,Cost-to-Income Ratio % (Group),%,2016,53.75
Prime Bank PLC,CAPITAL & EFFICIENCY,Cost-to-Income Ratio % (Group),%,2015,51.71
Prime Bank PLC,DERIVED METRICS,Estimated NPL amount,Tk mn,2025,9631
Prime Bank PLC,DERIVED METRICS,Estimated NPL amount,Tk mn,2024,14489
Prime Bank PLC,DERIVED METRICS,Estimated NPL amount,Tk mn,2023,11168
Prime Bank PLC,DERIVED METRICS,Estimated NPL amount,Tk mn,2022,10132
Prime Bank PLC,DERIVED METRICS,Estimated NPL amount,Tk mn,2021,12713
Prime Bank PLC,DERIVED METRICS,Estimated NPL amount,Tk mn,2020,8034
Prime Bank PLC,DERIVED METRICS,Estimated NPL amount,Tk mn,2019,9966
Prime Bank PLC,DERIVED METRICS,Estimated NPL amount,Tk mn,2018,12686
Prime Bank PLC,DERIVED METRICS,Estimated NPL amount,Tk mn,2017,10799
Prime Bank PLC,DERIVED METRICS,Estimated NPL amount,Tk mn,2016,10139.48
Prime Bank PLC,DERIVED METRICS,Estimated NPL amount,Tk mn,2015,11882.8
Prime Bank PLC,DERIVED METRICS,NPL / Total Assets %,%,2025,1.48
Prime Bank PLC,DERIVED METRICS,NPL / Total Assets %,%,2024,2.64
Prime Bank PLC,DERIVED METRICS,NPL / Total Assets %,%,2023,2.37
Prime Bank PLC,DERIVED METRICS,NPL / Total Assets %,%,2022,2.35
Prime Bank PLC,DERIVED METRICS,NPL / Total Assets %,%,2021,3.28
Prime Bank PLC,DERIVED METRICS,NPL / Total Assets %,%,2020,2.32
Prime Bank PLC,DERIVED METRICS,NPL / Total Assets %,%,2019,3.08
Prime Bank PLC,DERIVED METRICS,NPL / Total Assets %,%,2018,4.29
Prime Bank PLC,DERIVED METRICS,NPL / Total Assets %,%,2017,3.84
Prime Bank PLC,DERIVED METRICS,NPL / Total Assets %,%,2016,3.95
Prime Bank PLC,DERIVED METRICS,NPL / Total Assets %,%,2015,4.71
Prime Bank PLC,DERIVED METRICS,YoY NPAT growth %,%,2025,19.58
Prime Bank PLC,DERIVED METRICS,YoY NPAT growth %,%,2024,53.9
Prime Bank PLC,DERIVED METRICS,YoY NPAT growth %,%,2023,20.29
Prime Bank PLC,DERIVED METRICS,YoY NPAT growth %,%,2022,29.28
Prime Bank PLC,DERIVED METRICS,YoY NPAT growth %,%,2021,73.12
Prime Bank PLC,DERIVED METRICS,YoY NPAT growth %,%,2020,n/a
Prime Bank PLC,DERIVED METRICS,YoY NPAT growth %,%,2019,-24.21
Prime Bank PLC,DERIVED METRICS,YoY NPAT growth %,%,2018,75.16
Prime Bank PLC,DERIVED METRICS,YoY NPAT growth %,%,2017,-11.21
Prime Bank PLC,DERIVED METRICS,YoY NPAT growth %,%,2016,2.62
Prime Bank PLC,DERIVED METRICS,YoY NPAT growth %,%,2015,N/A
Prime Bank PLC,DERIVED METRICS,YoY Equity growth %,%,2025,18.9
Prime Bank PLC,DERIVED METRICS,YoY Equity growth %,%,2024,16.08
Prime Bank PLC,DERIVED METRICS,YoY Equity growth %,%,2023,8.91
Prime Bank PLC,DERIVED METRICS,YoY Equity growth %,%,2022,8.76
Prime Bank PLC,DERIVED METRICS,YoY Equity growth %,%,2021,4.12
Prime Bank PLC,DERIVED METRICS,YoY Equity growth %,%,2020,n/a
Prime Bank PLC,DERIVED METRICS,YoY Equity growth %,%,2019,0.92
Prime Bank PLC,DERIVED METRICS,YoY Equity growth %,%,2018,12.02
Prime Bank PLC,DERIVED METRICS,YoY Equity growth %,%,2017,1.64
Prime Bank PLC,DERIVED METRICS,YoY Equity growth %,%,2016,-4.28
Prime Bank PLC,DERIVED METRICS,YoY Equity growth %,%,2015,N/A
Mercantile Bank Ltd,BALANCE SHEET (BDT million),Total Assets,Tk mn,2025,477887.53
Mercantile Bank Ltd,BALANCE SHEET (BDT million),Total Assets,Tk mn,2024,444690.3
Mercantile Bank Ltd,BALANCE SHEET (BDT million),Total Assets,Tk mn,2023,402173.04
Mercantile Bank Ltd,BALANCE SHEET (BDT million),Total Assets,Tk mn,2022,382328.47
Mercantile Bank Ltd,BALANCE SHEET (BDT million),Total Assets,Tk mn,2021,359411.36
Mercantile Bank Ltd,BALANCE SHEET (BDT million),Total Assets,Tk mn,2020,330785.56
Mercantile Bank Ltd,BALANCE SHEET (BDT million),Total Assets,Tk mn,2019,316363.47
Mercantile Bank Ltd,BALANCE SHEET (BDT million),Total Assets,Tk mn,2018,291385.64
Mercantile Bank Ltd,BALANCE SHEET (BDT million),Total Assets,Tk mn,2017,260169.93
Mercantile Bank Ltd,BALANCE SHEET (BDT million),Total Assets,Tk mn,2016,204127.47
Mercantile Bank Ltd,BALANCE SHEET (BDT million),Total Assets,Tk mn,2015,182800.17
Mercantile Bank Ltd,BALANCE SHEET (BDT million),Loans & Advances,Tk mn,2025,285935.57
Mercantile Bank Ltd,BALANCE SHEET (BDT million),Loans & Advances,Tk mn,2024,300025.11
Mercantile Bank Ltd,BALANCE SHEET (BDT million),Loans & Advances,Tk mn,2023,284830.98
Mercantile Bank Ltd,BALANCE SHEET (BDT million),Loans & Advances,Tk mn,2022,280890.53
Mercantile Bank Ltd,BALANCE SHEET (BDT million),Loans & Advances,Tk mn,2021,266766.89
Mercantile Bank Ltd,BALANCE SHEET (BDT million),Loans & Advances,Tk mn,2020,248994.39
Mercantile Bank Ltd,BALANCE SHEET (BDT million),Loans & Advances,Tk mn,2019,236890.45
Mercantile Bank Ltd,BALANCE SHEET (BDT million),Loans & Advances,Tk mn,2018,224230.61
Mercantile Bank Ltd,BALANCE SHEET (BDT million),Loans & Advances,Tk mn,2017,199660.72
Mercantile Bank Ltd,BALANCE SHEET (BDT million),Loans & Advances,Tk mn,2016,150912.52
Mercantile Bank Ltd,BALANCE SHEET (BDT million),Loans & Advances,Tk mn,2015,126338.83
Mercantile Bank Ltd,BALANCE SHEET (BDT million),Total Deposits,Tk mn,2025,394682.05
Mercantile Bank Ltd,BALANCE SHEET (BDT million),Total Deposits,Tk mn,2024,355121.12
Mercantile Bank Ltd,BALANCE SHEET (BDT million),Total Deposits,Tk mn,2023,317227.09
Mercantile Bank Ltd,BALANCE SHEET (BDT million),Total Deposits,Tk mn,2022,294060
Mercantile Bank Ltd,BALANCE SHEET (BDT million),Total Deposits,Tk mn,2021,274905.61
Mercantile Bank Ltd,BALANCE SHEET (BDT million),Total Deposits,Tk mn,2020,252817.4
Mercantile Bank Ltd,BALANCE SHEET (BDT million),Total Deposits,Tk mn,2019,262961.05
Mercantile Bank Ltd,BALANCE SHEET (BDT million),Total Deposits,Tk mn,2018,243643.42
Mercantile Bank Ltd,BALANCE SHEET (BDT million),Total Deposits,Tk mn,2017,220516.63
Mercantile Bank Ltd,BALANCE SHEET (BDT million),Total Deposits,Tk mn,2016,165257.45
Mercantile Bank Ltd,BALANCE SHEET (BDT million),Total Deposits,Tk mn,2015,154869.52
Mercantile Bank Ltd,BALANCE SHEET (BDT million),Shareholders' Equity,Tk mn,2025,26465.41
Mercantile Bank Ltd,BALANCE SHEET (BDT million),Shareholders' Equity,Tk mn,2024,25810.06
Mercantile Bank Ltd,BALANCE SHEET (BDT million),Shareholders' Equity,Tk mn,2023,25984.47
Mercantile Bank Ltd,BALANCE SHEET (BDT million),Shareholders' Equity,Tk mn,2022,25275.15
Mercantile Bank Ltd,BALANCE SHEET (BDT million),Shareholders' Equity,Tk mn,2021,24403.9
Mercantile Bank Ltd,BALANCE SHEET (BDT million),Shareholders' Equity,Tk mn,2020,22101.78
Mercantile Bank Ltd,BALANCE SHEET (BDT million),Shareholders' Equity,Tk mn,2019,20908.29
Mercantile Bank Ltd,BALANCE SHEET (BDT million),Shareholders' Equity,Tk mn,2018,18683.55
Mercantile Bank Ltd,BALANCE SHEET (BDT million),Shareholders' Equity,Tk mn,2017,17584.02
Mercantile Bank Ltd,BALANCE SHEET (BDT million),Shareholders' Equity,Tk mn,2016,16809.61
Mercantile Bank Ltd,BALANCE SHEET (BDT million),Shareholders' Equity,Tk mn,2015,15513.73
Mercantile Bank Ltd,INCOME STATEMENT (BDT million),Net Interest Income,Tk mn,2025,9546.99
Mercantile Bank Ltd,INCOME STATEMENT (BDT million),Net Interest Income,Tk mn,2024,7904.06
Mercantile Bank Ltd,INCOME STATEMENT (BDT million),Net Interest Income,Tk mn,2023,7413.24
Mercantile Bank Ltd,INCOME STATEMENT (BDT million),Net Interest Income,Tk mn,2022,8628.54
Mercantile Bank Ltd,INCOME STATEMENT (BDT million),Net Interest Income,Tk mn,2021,8895.23
Mercantile Bank Ltd,INCOME STATEMENT (BDT million),Net Interest Income,Tk mn,2020,6616.23
Mercantile Bank Ltd,INCOME STATEMENT (BDT million),Net Interest Income,Tk mn,2019,8600.64
Mercantile Bank Ltd,INCOME STATEMENT (BDT million),Net Interest Income,Tk mn,2018,7482.8
Mercantile Bank Ltd,INCOME STATEMENT (BDT million),Net Interest Income,Tk mn,2017,6203.98
Mercantile Bank Ltd,INCOME STATEMENT (BDT million),Net Interest Income,Tk mn,2016,3157.72
Mercantile Bank Ltd,INCOME STATEMENT (BDT million),Net Interest Income,Tk mn,2015,2304.15
Mercantile Bank Ltd,INCOME STATEMENT (BDT million),Non-Interest Income,Tk mn,2025,4347.58
Mercantile Bank Ltd,INCOME STATEMENT (BDT million),Non-Interest Income,Tk mn,2024,6202.27
Mercantile Bank Ltd,INCOME STATEMENT (BDT million),Non-Interest Income,Tk mn,2023,6336.05
Mercantile Bank Ltd,INCOME STATEMENT (BDT million),Non-Interest Income,Tk mn,2022,6729.1
Mercantile Bank Ltd,INCOME STATEMENT (BDT million),Non-Interest Income,Tk mn,2021,4482.98
Mercantile Bank Ltd,INCOME STATEMENT (BDT million),Non-Interest Income,Tk mn,2020,3927.34
Mercantile Bank Ltd,INCOME STATEMENT (BDT million),Non-Interest Income,Tk mn,2019,4575.36
Mercantile Bank Ltd,INCOME STATEMENT (BDT million),Non-Interest Income,Tk mn,2018,4357.71
Mercantile Bank Ltd,INCOME STATEMENT (BDT million),Non-Interest Income,Tk mn,2017,5650.33
Mercantile Bank Ltd,INCOME STATEMENT (BDT million),Non-Interest Income,Tk mn,2016,6931.26
Mercantile Bank Ltd,INCOME STATEMENT (BDT million),Non-Interest Income,Tk mn,2015,5639.87
Mercantile Bank Ltd,INCOME STATEMENT (BDT million),Net Profit After Tax,Tk mn,2025,1199.87
Mercantile Bank Ltd,INCOME STATEMENT (BDT million),Net Profit After Tax,Tk mn,2024,631.22
Mercantile Bank Ltd,INCOME STATEMENT (BDT million),Net Profit After Tax,Tk mn,2023,2028.61
Mercantile Bank Ltd,INCOME STATEMENT (BDT million),Net Profit After Tax,Tk mn,2022,2202.58
Mercantile Bank Ltd,INCOME STATEMENT (BDT million),Net Profit After Tax,Tk mn,2021,3418.62
Mercantile Bank Ltd,INCOME STATEMENT (BDT million),Net Profit After Tax,Tk mn,2020,2161.32
Mercantile Bank Ltd,INCOME STATEMENT (BDT million),Net Profit After Tax,Tk mn,2019,2175.49
Mercantile Bank Ltd,INCOME STATEMENT (BDT million),Net Profit After Tax,Tk mn,2018,3000.95
Mercantile Bank Ltd,INCOME STATEMENT (BDT million),Net Profit After Tax,Tk mn,2017,3017.73
Mercantile Bank Ltd,INCOME STATEMENT (BDT million),Net Profit After Tax,Tk mn,2016,2227.36
Mercantile Bank Ltd,INCOME STATEMENT (BDT million),Net Profit After Tax,Tk mn,2015,1393.29
Mercantile Bank Ltd,PER-SHARE & PROFITABILITY,EPS,BDT,2025,1.08
Mercantile Bank Ltd,PER-SHARE & PROFITABILITY,EPS,BDT,2024,0.57
Mercantile Bank Ltd,PER-SHARE & PROFITABILITY,EPS,BDT,2023,1.83
Mercantile Bank Ltd,PER-SHARE & PROFITABILITY,EPS,BDT,2022,1.99
Mercantile Bank Ltd,PER-SHARE & PROFITABILITY,EPS,BDT,2021,3.31
Mercantile Bank Ltd,PER-SHARE & PROFITABILITY,EPS,BDT,2020,2.2
Mercantile Bank Ltd,PER-SHARE & PROFITABILITY,EPS,BDT,2019,2.32
Mercantile Bank Ltd,PER-SHARE & PROFITABILITY,EPS,BDT,2018,3.68
Mercantile Bank Ltd,PER-SHARE & PROFITABILITY,EPS,BDT,2017,3.7
Mercantile Bank Ltd,PER-SHARE & PROFITABILITY,EPS,BDT,2016,3.01
Mercantile Bank Ltd,PER-SHARE & PROFITABILITY,EPS,BDT,2015,1.88
Mercantile Bank Ltd,PER-SHARE & PROFITABILITY,ROA %,%,2025,0.0026
Mercantile Bank Ltd,PER-SHARE & PROFITABILITY,ROA %,%,2024,0.0015
Mercantile Bank Ltd,PER-SHARE & PROFITABILITY,ROA %,%,2023,0.0052
Mercantile Bank Ltd,PER-SHARE & PROFITABILITY,ROA %,%,2022,0.0059
Mercantile Bank Ltd,PER-SHARE & PROFITABILITY,ROA %,%,2021,0.0099
Mercantile Bank Ltd,PER-SHARE & PROFITABILITY,ROA %,%,2020,0.0073
Mercantile Bank Ltd,PER-SHARE & PROFITABILITY,ROA %,%,2019,0.0078
Mercantile Bank Ltd,PER-SHARE & PROFITABILITY,ROA %,%,2018,0.0109
Mercantile Bank Ltd,PER-SHARE & PROFITABILITY,ROA %,%,2017,0.013
Mercantile Bank Ltd,PER-SHARE & PROFITABILITY,ROA %,%,2016,0.0115
Mercantile Bank Ltd,PER-SHARE & PROFITABILITY,ROA %,%,2015,0.0079
Mercantile Bank Ltd,PER-SHARE & PROFITABILITY,ROE %,%,2025,0.0459
Mercantile Bank Ltd,PER-SHARE & PROFITABILITY,ROE %,%,2024,0.0244
Mercantile Bank Ltd,PER-SHARE & PROFITABILITY,ROE %,%,2023,0.0792
Mercantile Bank Ltd,PER-SHARE & PROFITABILITY,ROE %,%,2022,0.0887
Mercantile Bank Ltd,PER-SHARE & PROFITABILITY,ROE %,%,2021,0.147
Mercantile Bank Ltd,PER-SHARE & PROFITABILITY,ROE %,%,2020,0.1005
Mercantile Bank Ltd,PER-SHARE & PROFITABILITY,ROE %,%,2019,0.1099
Mercantile Bank Ltd,PER-SHARE & PROFITABILITY,ROE %,%,2018,0.1655
Mercantile Bank Ltd,PER-SHARE & PROFITABILITY,ROE %,%,2017,0.1755
Mercantile Bank Ltd,PER-SHARE & PROFITABILITY,ROE %,%,2016,0.1378
Mercantile Bank Ltd,PER-SHARE & PROFITABILITY,ROE %,%,2015,0.096
Mercantile Bank Ltd,ASSET QUALITY,Loan-Deposit Ratio %,%,2025,0.7289
Mercantile Bank Ltd,ASSET QUALITY,Loan-Deposit Ratio %,%,2024,0.8253
Mercantile Bank Ltd,ASSET QUALITY,Loan-Deposit Ratio %,%,2023,0.8557
Mercantile Bank Ltd,ASSET QUALITY,Loan-Deposit Ratio %,%,2022,0.8682
Mercantile Bank Ltd,ASSET QUALITY,Loan-Deposit Ratio %,%,2021,0.8598
Mercantile Bank Ltd,ASSET QUALITY,Loan-Deposit Ratio %,%,2020,0.843
Mercantile Bank Ltd,ASSET QUALITY,Loan-Deposit Ratio %,%,2019,0.841
Mercantile Bank Ltd,ASSET QUALITY,Loan-Deposit Ratio %,%,2018,0.863
Mercantile Bank Ltd,ASSET QUALITY,Loan-Deposit Ratio %,%,2017,0.8425
Mercantile Bank Ltd,ASSET QUALITY,Loan-Deposit Ratio %,%,2016,0.9132
Mercantile Bank Ltd,ASSET QUALITY,Loan-Deposit Ratio %,%,2015,0.8158
Mercantile Bank Ltd,ASSET QUALITY,NPL % (gross),%,2025,0.1519
Mercantile Bank Ltd,ASSET QUALITY,NPL % (gross),%,2024,0.1725
Mercantile Bank Ltd,ASSET QUALITY,NPL % (gross),%,2023,0.0608
Mercantile Bank Ltd,ASSET QUALITY,NPL % (gross),%,2022,0.0709
Mercantile Bank Ltd,ASSET QUALITY,NPL % (gross),%,2021,0.0454
Mercantile Bank Ltd,ASSET QUALITY,NPL % (gross),%,2020,0.0472
Mercantile Bank Ltd,ASSET QUALITY,NPL % (gross),%,2019,0.0486
Mercantile Bank Ltd,ASSET QUALITY,NPL % (gross),%,2018,0.0482
Mercantile Bank Ltd,ASSET QUALITY,NPL % (gross),%,2017,0.0379
Mercantile Bank Ltd,ASSET QUALITY,NPL % (gross),%,2016,0.0513
Mercantile Bank Ltd,ASSET QUALITY,NPL % (gross),%,2015,0.0495
Mercantile Bank Ltd,ASSET QUALITY,Provision Coverage %,%,2025,0.1487
Mercantile Bank Ltd,ASSET QUALITY,Provision Coverage %,%,2024,0.2212
Mercantile Bank Ltd,ASSET QUALITY,Provision Coverage %,%,2023,0.3696
Mercantile Bank Ltd,ASSET QUALITY,Provision Coverage %,%,2022,0.4046
Mercantile Bank Ltd,ASSET QUALITY,Provision Coverage %,%,2021,0.4236
Mercantile Bank Ltd,ASSET QUALITY,Provision Coverage %,%,2020,0.4155
Mercantile Bank Ltd,ASSET QUALITY,Provision Coverage %,%,2019,0.393
Mercantile Bank Ltd,ASSET QUALITY,Provision Coverage %,%,2018,0.441
Mercantile Bank Ltd,ASSET QUALITY,Provision Coverage %,%,2017,0.5244
Mercantile Bank Ltd,ASSET QUALITY,Provision Coverage %,%,2016,0.9081
Mercantile Bank Ltd,ASSET QUALITY,Provision Coverage %,%,2015,1.0007
Mercantile Bank Ltd,CAPITAL & EFFICIENCY,CRAR % (Group),%,2025,0.1252
Mercantile Bank Ltd,CAPITAL & EFFICIENCY,CRAR % (Group),%,2024,0.1307
Mercantile Bank Ltd,CAPITAL & EFFICIENCY,CRAR % (Group),%,2023,0.1479
Mercantile Bank Ltd,CAPITAL & EFFICIENCY,CRAR % (Group),%,2022,0.1435
Mercantile Bank Ltd,CAPITAL & EFFICIENCY,CRAR % (Group),%,2021,0.1409
Mercantile Bank Ltd,CAPITAL & EFFICIENCY,CRAR % (Group),%,2020,0.1361
Mercantile Bank Ltd,CAPITAL & EFFICIENCY,CRAR % (Group),%,2019,0.1392
Mercantile Bank Ltd,CAPITAL & EFFICIENCY,CRAR % (Group),%,2018,0.1328
Mercantile Bank Ltd,CAPITAL & EFFICIENCY,CRAR % (Group),%,2017,0.1193
Mercantile Bank Ltd,CAPITAL & EFFICIENCY,CRAR % (Group),%,2016,0.1303
Mercantile Bank Ltd,CAPITAL & EFFICIENCY,CRAR % (Group),%,2015,0.1187
Mercantile Bank Ltd,CAPITAL & EFFICIENCY,Cost-to-Income Ratio % (Group),%,2025,0.5813
Mercantile Bank Ltd,CAPITAL & EFFICIENCY,Cost-to-Income Ratio % (Group),%,2024,0.6006
Mercantile Bank Ltd,CAPITAL & EFFICIENCY,Cost-to-Income Ratio % (Group),%,2023,0.6065
Mercantile Bank Ltd,CAPITAL & EFFICIENCY,Cost-to-Income Ratio % (Group),%,2022,0.5352
Mercantile Bank Ltd,CAPITAL & EFFICIENCY,Cost-to-Income Ratio % (Group),%,2021,0.5431
Mercantile Bank Ltd,CAPITAL & EFFICIENCY,Cost-to-Income Ratio % (Group),%,2020,0.6256
Mercantile Bank Ltd,CAPITAL & EFFICIENCY,Cost-to-Income Ratio % (Group),%,2019,0.4417
Mercantile Bank Ltd,CAPITAL & EFFICIENCY,Cost-to-Income Ratio % (Group),%,2018,0.4641
Mercantile Bank Ltd,CAPITAL & EFFICIENCY,Cost-to-Income Ratio % (Group),%,2017,0.4457
Mercantile Bank Ltd,CAPITAL & EFFICIENCY,Cost-to-Income Ratio % (Group),%,2016,0.5603
Mercantile Bank Ltd,CAPITAL & EFFICIENCY,Cost-to-Income Ratio % (Group),%,2015,0.5046
Mercantile Bank Ltd,DERIVED METRICS,Estimated NPL amount,Tk mn,2025,43420.65
Mercantile Bank Ltd,DERIVED METRICS,Estimated NPL amount,Tk mn,2024,51761.7
Mercantile Bank Ltd,DERIVED METRICS,Estimated NPL amount,Tk mn,2023,17313.35
Mercantile Bank Ltd,DERIVED METRICS,Estimated NPL amount,Tk mn,2022,19928.63
Mercantile Bank Ltd,DERIVED METRICS,Estimated NPL amount,Tk mn,2021,12112.51
Mercantile Bank Ltd,DERIVED METRICS,Estimated NPL amount,Tk mn,2020,11751.16
Mercantile Bank Ltd,DERIVED METRICS,Estimated NPL amount,Tk mn,2019,11502.61
Mercantile Bank Ltd,DERIVED METRICS,Estimated NPL amount,Tk mn,2018,10802.43
Mercantile Bank Ltd,DERIVED METRICS,Estimated NPL amount,Tk mn,2017,7564.72
Mercantile Bank Ltd,DERIVED METRICS,Estimated NPL amount,Tk mn,2016,7745.88
Mercantile Bank Ltd,DERIVED METRICS,Estimated NPL amount,Tk mn,2015,6250.77
Mercantile Bank Ltd,DERIVED METRICS,NPL / Total Assets %,%,2025,0.0909
Mercantile Bank Ltd,DERIVED METRICS,NPL / Total Assets %,%,2024,0.1164
Mercantile Bank Ltd,DERIVED METRICS,NPL / Total Assets %,%,2023,0.0431
Mercantile Bank Ltd,DERIVED METRICS,NPL / Total Assets %,%,2022,0.0521
Mercantile Bank Ltd,DERIVED METRICS,NPL / Total Assets %,%,2021,0.0337
Mercantile Bank Ltd,DERIVED METRICS,NPL / Total Assets %,%,2020,0.0355
Mercantile Bank Ltd,DERIVED METRICS,NPL / Total Assets %,%,2019,0.0364
Mercantile Bank Ltd,DERIVED METRICS,NPL / Total Assets %,%,2018,0.0371
Mercantile Bank Ltd,DERIVED METRICS,NPL / Total Assets %,%,2017,0.0291
Mercantile Bank Ltd,DERIVED METRICS,NPL / Total Assets %,%,2016,0.0379
Mercantile Bank Ltd,DERIVED METRICS,NPL / Total Assets %,%,2015,0.0342
Mercantile Bank Ltd,DERIVED METRICS,YoY NPAT growth %,%,2025,0.9009
Mercantile Bank Ltd,DERIVED METRICS,YoY NPAT growth %,%,2024,-0.6888
Mercantile Bank Ltd,DERIVED METRICS,YoY NPAT growth %,%,2023,-0.079
Mercantile Bank Ltd,DERIVED METRICS,YoY NPAT growth %,%,2022,-0.3557
Mercantile Bank Ltd,DERIVED METRICS,YoY NPAT growth %,%,2021,0.5818
Mercantile Bank Ltd,DERIVED METRICS,YoY NPAT growth %,%,2020,-0.0065
Mercantile Bank Ltd,DERIVED METRICS,YoY NPAT growth %,%,2019,-0.2751
Mercantile Bank Ltd,DERIVED METRICS,YoY NPAT growth %,%,2018,-0.0056
Mercantile Bank Ltd,DERIVED METRICS,YoY NPAT growth %,%,2017,N/A
Mercantile Bank Ltd,DERIVED METRICS,YoY NPAT growth %,%,2016,0.5987
Mercantile Bank Ltd,DERIVED METRICS,YoY NPAT growth %,%,2015,0.1723
Mercantile Bank Ltd,DERIVED METRICS,YoY Equity growth %,%,2025,0.0254
Mercantile Bank Ltd,DERIVED METRICS,YoY Equity growth %,%,2024,-0.0067
Mercantile Bank Ltd,DERIVED METRICS,YoY Equity growth %,%,2023,0.0281
Mercantile Bank Ltd,DERIVED METRICS,YoY Equity growth %,%,2022,0.0357
Mercantile Bank Ltd,DERIVED METRICS,YoY Equity growth %,%,2021,0.1042
Mercantile Bank Ltd,DERIVED METRICS,YoY Equity growth %,%,2020,0.0571
Mercantile Bank Ltd,DERIVED METRICS,YoY Equity growth %,%,2019,0.1191
Mercantile Bank Ltd,DERIVED METRICS,YoY Equity growth %,%,2018,0.0625
Mercantile Bank Ltd,DERIVED METRICS,YoY Equity growth %,%,2017,N/A
Mercantile Bank Ltd,DERIVED METRICS,YoY Equity growth %,%,2016,0.0835
Mercantile Bank Ltd,DERIVED METRICS,YoY Equity growth %,%,2015,0.1475
Southeast Bank PLC,BALANCE SHEET (BDT million),Total Assets,Tk mn,2025,554424.56
Southeast Bank PLC,BALANCE SHEET (BDT million),Total Assets,Tk mn,2024,545858.6
Southeast Bank PLC,BALANCE SHEET (BDT million),Total Assets,Tk mn,2023,510864.24
Southeast Bank PLC,BALANCE SHEET (BDT million),Total Assets,Tk mn,2022,493092.84
Southeast Bank PLC,BALANCE SHEET (BDT million),Total Assets,Tk mn,2021,495841.96
Southeast Bank PLC,BALANCE SHEET (BDT million),Total Assets,Tk mn,2020,465293.41
Southeast Bank PLC,BALANCE SHEET (BDT million),Total Assets,Tk mn,2019,422312.71
Southeast Bank PLC,BALANCE SHEET (BDT million),Total Assets,Tk mn,2018,381575.68
Southeast Bank PLC,BALANCE SHEET (BDT million),Total Assets,Tk mn,2017,339288.05
Southeast Bank PLC,BALANCE SHEET (BDT million),Total Assets,Tk mn,2016,291798.01
Southeast Bank PLC,BALANCE SHEET (BDT million),Total Assets,Tk mn,2015,260718.03
Southeast Bank PLC,BALANCE SHEET (BDT million),Loans & Advances,Tk mn,2025,377258.69
Southeast Bank PLC,BALANCE SHEET (BDT million),Loans & Advances,Tk mn,2024,372907.25
Southeast Bank PLC,BALANCE SHEET (BDT million),Loans & Advances,Tk mn,2023,354353.23
Southeast Bank PLC,BALANCE SHEET (BDT million),Loans & Advances,Tk mn,2022,347743.59
Southeast Bank PLC,BALANCE SHEET (BDT million),Loans & Advances,Tk mn,2021,336329.37
Southeast Bank PLC,BALANCE SHEET (BDT million),Loans & Advances,Tk mn,2020,322251.46
Southeast Bank PLC,BALANCE SHEET (BDT million),Loans & Advances,Tk mn,2019,296752.96
Southeast Bank PLC,BALANCE SHEET (BDT million),Loans & Advances,Tk mn,2018,267671.63
Southeast Bank PLC,BALANCE SHEET (BDT million),Loans & Advances,Tk mn,2017,234316.72
Southeast Bank PLC,BALANCE SHEET (BDT million),Loans & Advances,Tk mn,2016,191865.59
Southeast Bank PLC,BALANCE SHEET (BDT million),Loans & Advances,Tk mn,2015,168878.46
Southeast Bank PLC,BALANCE SHEET (BDT million),Total Deposits,Tk mn,2025,439234.9
Southeast Bank PLC,BALANCE SHEET (BDT million),Total Deposits,Tk mn,2024,411343.9
Southeast Bank PLC,BALANCE SHEET (BDT million),Total Deposits,Tk mn,2023,386402.44
Southeast Bank PLC,BALANCE SHEET (BDT million),Total Deposits,Tk mn,2022,371143.44
Southeast Bank PLC,BALANCE SHEET (BDT million),Total Deposits,Tk mn,2021,376700.77
Southeast Bank PLC,BALANCE SHEET (BDT million),Total Deposits,Tk mn,2020,359535.94
Southeast Bank PLC,BALANCE SHEET (BDT million),Total Deposits,Tk mn,2019,329250.27
Southeast Bank PLC,BALANCE SHEET (BDT million),Total Deposits,Tk mn,2018,298334.79
Southeast Bank PLC,BALANCE SHEET (BDT million),Total Deposits,Tk mn,2017,269828.08
Southeast Bank PLC,BALANCE SHEET (BDT million),Total Deposits,Tk mn,2016,229973.43
Southeast Bank PLC,BALANCE SHEET (BDT million),Total Deposits,Tk mn,2015,210431.09
Southeast Bank PLC,BALANCE SHEET (BDT million),Shareholders' Equity,Tk mn,2025,34418.82
Southeast Bank PLC,BALANCE SHEET (BDT million),Shareholders' Equity,Tk mn,2024,31543.57
Southeast Bank PLC,BALANCE SHEET (BDT million),Shareholders' Equity,Tk mn,2023,32044.73
Southeast Bank PLC,BALANCE SHEET (BDT million),Shareholders' Equity,Tk mn,2022,30755.56
Southeast Bank PLC,BALANCE SHEET (BDT million),Shareholders' Equity,Tk mn,2021,29987.33
Southeast Bank PLC,BALANCE SHEET (BDT million),Shareholders' Equity,Tk mn,2020,29703.77
Southeast Bank PLC,BALANCE SHEET (BDT million),Shareholders' Equity,Tk mn,2019,30499.46
Southeast Bank PLC,BALANCE SHEET (BDT million),Shareholders' Equity,Tk mn,2018,28116.66
Southeast Bank PLC,BALANCE SHEET (BDT million),Shareholders' Equity,Tk mn,2017,25823.65
Southeast Bank PLC,BALANCE SHEET (BDT million),Shareholders' Equity,Tk mn,2016,26523.56
Southeast Bank PLC,BALANCE SHEET (BDT million),Shareholders' Equity,Tk mn,2015,27206.66
Southeast Bank PLC,INCOME STATEMENT (BDT million),Net Interest Income,Tk mn,2025,2115.55
Southeast Bank PLC,INCOME STATEMENT (BDT million),Net Interest Income,Tk mn,2024,4021.2
Southeast Bank PLC,INCOME STATEMENT (BDT million),Net Interest Income,Tk mn,2023,2661.03
Southeast Bank PLC,INCOME STATEMENT (BDT million),Net Interest Income,Tk mn,2022,3144.32
Southeast Bank PLC,INCOME STATEMENT (BDT million),Net Interest Income,Tk mn,2021,2921.56
Southeast Bank PLC,INCOME STATEMENT (BDT million),Net Interest Income,Tk mn,2020,2481.41
Southeast Bank PLC,INCOME STATEMENT (BDT million),Net Interest Income,Tk mn,2019,4256.99
Southeast Bank PLC,INCOME STATEMENT (BDT million),Net Interest Income,Tk mn,2018,5199.94
Southeast Bank PLC,INCOME STATEMENT (BDT million),Net Interest Income,Tk mn,2017,4027.69
Southeast Bank PLC,INCOME STATEMENT (BDT million),Net Interest Income,Tk mn,2016,4207.21
Southeast Bank PLC,INCOME STATEMENT (BDT million),Net Interest Income,Tk mn,2015,3138.46
Southeast Bank PLC,INCOME STATEMENT (BDT million),Non-Interest Income,Tk mn,2025,17702.47
Southeast Bank PLC,INCOME STATEMENT (BDT million),Non-Interest Income,Tk mn,2024,15142.09
Southeast Bank PLC,INCOME STATEMENT (BDT million),Non-Interest Income,Tk mn,2023,14118.37
Southeast Bank PLC,INCOME STATEMENT (BDT million),Non-Interest Income,Tk mn,2022,14443.01
Southeast Bank PLC,INCOME STATEMENT (BDT million),Non-Interest Income,Tk mn,2021,11751.22
Southeast Bank PLC,INCOME STATEMENT (BDT million),Non-Interest Income,Tk mn,2020,11289.14
Southeast Bank PLC,INCOME STATEMENT (BDT million),Non-Interest Income,Tk mn,2019,4844.75
Southeast Bank PLC,INCOME STATEMENT (BDT million),Non-Interest Income,Tk mn,2018,4632.22
Southeast Bank PLC,INCOME STATEMENT (BDT million),Non-Interest Income,Tk mn,2017,4334.7
Southeast Bank PLC,INCOME STATEMENT (BDT million),Non-Interest Income,Tk mn,2016,3565.64
Southeast Bank PLC,INCOME STATEMENT (BDT million),Non-Interest Income,Tk mn,2015,8465.93
Southeast Bank PLC,INCOME STATEMENT (BDT million),Net Profit After Tax,Tk mn,2025,3350.33
Southeast Bank PLC,INCOME STATEMENT (BDT million),Net Profit After Tax,Tk mn,2024,432.64
Southeast Bank PLC,INCOME STATEMENT (BDT million),Net Profit After Tax,Tk mn,2023,2133.83
Southeast Bank PLC,INCOME STATEMENT (BDT million),Net Profit After Tax,Tk mn,2022,1752.38
Southeast Bank PLC,INCOME STATEMENT (BDT million),Net Profit After Tax,Tk mn,2021,1784.3
Southeast Bank PLC,INCOME STATEMENT (BDT million),Net Profit After Tax,Tk mn,2020,2149.1
Southeast Bank PLC,INCOME STATEMENT (BDT million),Net Profit After Tax,Tk mn,2019,2508.56
Southeast Bank PLC,INCOME STATEMENT (BDT million),Net Profit After Tax,Tk mn,2018,2473.21
Southeast Bank PLC,INCOME STATEMENT (BDT million),Net Profit After Tax,Tk mn,2017,1168.63
Southeast Bank PLC,INCOME STATEMENT (BDT million),Net Profit After Tax,Tk mn,2016,2435.07
Southeast Bank PLC,INCOME STATEMENT (BDT million),Net Profit After Tax,Tk mn,2015,3069.42
Southeast Bank PLC,PER-SHARE & PROFITABILITY,EPS,BDT,2025,2.51
Southeast Bank PLC,PER-SHARE & PROFITABILITY,EPS,BDT,2024,0.32
Southeast Bank PLC,PER-SHARE & PROFITABILITY,EPS,BDT,2023,1.66
Southeast Bank PLC,PER-SHARE & PROFITABILITY,EPS,BDT,2022,1.42
Southeast Bank PLC,PER-SHARE & PROFITABILITY,EPS,BDT,2021,1.5
Southeast Bank PLC,PER-SHARE & PROFITABILITY,EPS,BDT,2020,1.81
Southeast Bank PLC,PER-SHARE & PROFITABILITY,EPS,BDT,2019,2.11
Southeast Bank PLC,PER-SHARE & PROFITABILITY,EPS,BDT,2018,2.13
Southeast Bank PLC,PER-SHARE & PROFITABILITY,EPS,BDT,2017,1.11
Southeast Bank PLC,PER-SHARE & PROFITABILITY,EPS,BDT,2016,2.66
Southeast Bank PLC,PER-SHARE & PROFITABILITY,EPS,BDT,2015,3.35
Southeast Bank PLC,PER-SHARE & PROFITABILITY,ROA %,%,2025,0.0061
Southeast Bank PLC,PER-SHARE & PROFITABILITY,ROA %,%,2024,0.0009
Southeast Bank PLC,PER-SHARE & PROFITABILITY,ROA %,%,2023,0.0042
Southeast Bank PLC,PER-SHARE & PROFITABILITY,ROA %,%,2022,0.0036
Southeast Bank PLC,PER-SHARE & PROFITABILITY,ROA %,%,2021,0.0037
Southeast Bank PLC,PER-SHARE & PROFITABILITY,ROA %,%,2020,0.0047
Southeast Bank PLC,PER-SHARE & PROFITABILITY,ROA %,%,2019,0.0062
Southeast Bank PLC,PER-SHARE & PROFITABILITY,ROA %,%,2018,0.0069
Southeast Bank PLC,PER-SHARE & PROFITABILITY,ROA %,%,2017,0.0037
Southeast Bank PLC,PER-SHARE & PROFITABILITY,ROA %,%,2016,0.0088
Southeast Bank PLC,PER-SHARE & PROFITABILITY,ROA %,%,2015,0.0123
Southeast Bank PLC,PER-SHARE & PROFITABILITY,ROE %,%,2025,0.1016
Southeast Bank PLC,PER-SHARE & PROFITABILITY,ROE %,%,2024,0.0136
Southeast Bank PLC,PER-SHARE & PROFITABILITY,ROE %,%,2023,0.068
Southeast Bank PLC,PER-SHARE & PROFITABILITY,ROE %,%,2022,0.0577
Southeast Bank PLC,PER-SHARE & PROFITABILITY,ROE %,%,2021,0.0598
Southeast Bank PLC,PER-SHARE & PROFITABILITY,ROE %,%,2020,0.0714
Southeast Bank PLC,PER-SHARE & PROFITABILITY,ROE %,%,2019,0.0856
Southeast Bank PLC,PER-SHARE & PROFITABILITY,ROE %,%,2018,0.0917
Southeast Bank PLC,PER-SHARE & PROFITABILITY,ROE %,%,2017,0.0446
Southeast Bank PLC,PER-SHARE & PROFITABILITY,ROE %,%,2016,0.0906
Southeast Bank PLC,PER-SHARE & PROFITABILITY,ROE %,%,2015,0.1186
Southeast Bank PLC,ASSET QUALITY,Loan-Deposit Ratio %,%,2025,0.8332
Southeast Bank PLC,ASSET QUALITY,Loan-Deposit Ratio %,%,2024,0.8549
Southeast Bank PLC,ASSET QUALITY,Loan-Deposit Ratio %,%,2023,0.8581
Southeast Bank PLC,ASSET QUALITY,Loan-Deposit Ratio %,%,2022,0.8486
Southeast Bank PLC,ASSET QUALITY,Loan-Deposit Ratio %,%,2021,0.787
Southeast Bank PLC,ASSET QUALITY,Loan-Deposit Ratio %,%,2020,0.8026
Southeast Bank PLC,ASSET QUALITY,Loan-Deposit Ratio %,%,2019,0.8163
Southeast Bank PLC,ASSET QUALITY,Loan-Deposit Ratio %,%,2018,0.8155
Southeast Bank PLC,ASSET QUALITY,Loan-Deposit Ratio %,%,2017,0.8212
Southeast Bank PLC,ASSET QUALITY,Loan-Deposit Ratio %,%,2016,0.8343
Southeast Bank PLC,ASSET QUALITY,Loan-Deposit Ratio %,%,2015,0.8025
Southeast Bank PLC,ASSET QUALITY,NPL % (gross),%,2025,0.0751
Southeast Bank PLC,ASSET QUALITY,NPL % (gross),%,2024,0.1482
Southeast Bank PLC,ASSET QUALITY,NPL % (gross),%,2023,0.0965
Southeast Bank PLC,ASSET QUALITY,NPL % (gross),%,2022,0.0654
Southeast Bank PLC,ASSET QUALITY,NPL % (gross),%,2021,0.0481
Southeast Bank PLC,ASSET QUALITY,NPL % (gross),%,2020,0.031
Southeast Bank PLC,ASSET QUALITY,NPL % (gross),%,2019,0.0487
Southeast Bank PLC,ASSET QUALITY,NPL % (gross),%,2018,0.0587
Southeast Bank PLC,ASSET QUALITY,NPL % (gross),%,2017,0.0599
Southeast Bank PLC,ASSET QUALITY,NPL % (gross),%,2016,0.0489
Southeast Bank PLC,ASSET QUALITY,NPL % (gross),%,2015,0.0425
Southeast Bank PLC,ASSET QUALITY,Provision Coverage %,%,2025,0.8061
Southeast Bank PLC,ASSET QUALITY,Provision Coverage %,%,2024,0.5968
Southeast Bank PLC,ASSET QUALITY,Provision Coverage %,%,2023,0.8949
Southeast Bank PLC,ASSET QUALITY,Provision Coverage %,%,2022,1.2767
Southeast Bank PLC,ASSET QUALITY,Provision Coverage %,%,2021,1.6355
Southeast Bank PLC,ASSET QUALITY,Provision Coverage %,%,2020,2.4011
Southeast Bank PLC,ASSET QUALITY,Provision Coverage %,%,2019,1.306
Southeast Bank PLC,ASSET QUALITY,Provision Coverage %,%,2018,0.8537
Southeast Bank PLC,ASSET QUALITY,Provision Coverage %,%,2017,0.7255
Southeast Bank PLC,ASSET QUALITY,Provision Coverage %,%,2016,0.6653
Southeast Bank PLC,ASSET QUALITY,Provision Coverage %,%,2015,0.323
Southeast Bank PLC,CAPITAL & EFFICIENCY,CRAR % (Group),%,2025,0.1361
Southeast Bank PLC,CAPITAL & EFFICIENCY,CRAR % (Group),%,2024,0.1164
Southeast Bank PLC,CAPITAL & EFFICIENCY,CRAR % (Group),%,2023,0.1341
Southeast Bank PLC,CAPITAL & EFFICIENCY,CRAR % (Group),%,2022,0.1275
Southeast Bank PLC,CAPITAL & EFFICIENCY,CRAR % (Group),%,2021,0.1386
Southeast Bank PLC,CAPITAL & EFFICIENCY,CRAR % (Group),%,2020,0.1435
Southeast Bank PLC,CAPITAL & EFFICIENCY,CRAR % (Group),%,2019,0.1152
Southeast Bank PLC,CAPITAL & EFFICIENCY,CRAR % (Group),%,2018,0.1238
Southeast Bank PLC,CAPITAL & EFFICIENCY,CRAR % (Group),%,2017,0.1084
Southeast Bank PLC,CAPITAL & EFFICIENCY,CRAR % (Group),%,2016,0.1215
Southeast Bank PLC,CAPITAL & EFFICIENCY,CRAR % (Group),%,2015,0.1152
Southeast Bank PLC,CAPITAL & EFFICIENCY,Cost-to-Income Ratio % (Group),%,2025,0.3956
Southeast Bank PLC,CAPITAL & EFFICIENCY,Cost-to-Income Ratio % (Group),%,2024,0.3883
Southeast Bank PLC,CAPITAL & EFFICIENCY,Cost-to-Income Ratio % (Group),%,2023,0.4721
Southeast Bank PLC,CAPITAL & EFFICIENCY,Cost-to-Income Ratio % (Group),%,2022,0.407
Southeast Bank PLC,CAPITAL & EFFICIENCY,Cost-to-Income Ratio % (Group),%,2021,0.409
Southeast Bank PLC,CAPITAL & EFFICIENCY,Cost-to-Income Ratio % (Group),%,2020,0.3998
Southeast Bank PLC,CAPITAL & EFFICIENCY,Cost-to-Income Ratio % (Group),%,2019,0.3758
Southeast Bank PLC,CAPITAL & EFFICIENCY,Cost-to-Income Ratio % (Group),%,2018,0.3461
Southeast Bank PLC,CAPITAL & EFFICIENCY,Cost-to-Income Ratio % (Group),%,2017,0.3496
Southeast Bank PLC,CAPITAL & EFFICIENCY,Cost-to-Income Ratio % (Group),%,2016,0.3384
Southeast Bank PLC,CAPITAL & EFFICIENCY,Cost-to-Income Ratio % (Group),%,2015,0.3077
Southeast Bank PLC,DERIVED METRICS,Estimated NPL amount,Tk mn,2025,28127.54
Southeast Bank PLC,DERIVED METRICS,Estimated NPL amount,Tk mn,2024,54813.65
Southeast Bank PLC,DERIVED METRICS,Estimated NPL amount,Tk mn,2023,33899.63
Southeast Bank PLC,DERIVED METRICS,Estimated NPL amount,Tk mn,2022,22570.29
Southeast Bank PLC,DERIVED METRICS,Estimated NPL amount,Tk mn,2021,16035.56
Southeast Bank PLC,DERIVED METRICS,Estimated NPL amount,Tk mn,2020,9939.76
Southeast Bank PLC,DERIVED METRICS,Estimated NPL amount,Tk mn,2019,14375.29
Southeast Bank PLC,DERIVED METRICS,Estimated NPL amount,Tk mn,2018,15558.85
Southeast Bank PLC,DERIVED METRICS,Estimated NPL amount,Tk mn,2017,13878.53
Southeast Bank PLC,DERIVED METRICS,Estimated NPL amount,Tk mn,2016,9257.79
Southeast Bank PLC,DERIVED METRICS,Estimated NPL amount,Tk mn,2015,7193.82
Southeast Bank PLC,DERIVED METRICS,NPL / Total Assets %,%,2025,0.0507
Southeast Bank PLC,DERIVED METRICS,NPL / Total Assets %,%,2024,0.1004
Southeast Bank PLC,DERIVED METRICS,NPL / Total Assets %,%,2023,0.0664
Southeast Bank PLC,DERIVED METRICS,NPL / Total Assets %,%,2022,0.0458
Southeast Bank PLC,DERIVED METRICS,NPL / Total Assets %,%,2021,0.0323
Southeast Bank PLC,DERIVED METRICS,NPL / Total Assets %,%,2020,0.0214
Southeast Bank PLC,DERIVED METRICS,NPL / Total Assets %,%,2019,0.034
Southeast Bank PLC,DERIVED METRICS,NPL / Total Assets %,%,2018,0.0408
Southeast Bank PLC,DERIVED METRICS,NPL / Total Assets %,%,2017,0.0409
Southeast Bank PLC,DERIVED METRICS,NPL / Total Assets %,%,2016,0.0317
Southeast Bank PLC,DERIVED METRICS,NPL / Total Assets %,%,2015,0.0276
Southeast Bank PLC,DERIVED METRICS,YoY NPAT growth %,%,2025,6.7442
Southeast Bank PLC,DERIVED METRICS,YoY NPAT growth %,%,2024,-0.7972
Southeast Bank PLC,DERIVED METRICS,YoY NPAT growth %,%,2023,0.2177
Southeast Bank PLC,DERIVED METRICS,YoY NPAT growth %,%,2022,-0.0179
Southeast Bank PLC,DERIVED METRICS,YoY NPAT growth %,%,2021,-0.1698
Southeast Bank PLC,DERIVED METRICS,YoY NPAT growth %,%,2020,-0.1433
Southeast Bank PLC,DERIVED METRICS,YoY NPAT growth %,%,2019,0.0143
Southeast Bank PLC,DERIVED METRICS,YoY NPAT growth %,%,2018,1.1163
Southeast Bank PLC,DERIVED METRICS,YoY NPAT growth %,%,2017,-0.52
Southeast Bank PLC,DERIVED METRICS,YoY NPAT growth %,%,2016,N/A
Southeast Bank PLC,DERIVED METRICS,YoY NPAT growth %,%,2015,−20.00%
Southeast Bank PLC,DERIVED METRICS,YoY Equity growth %,%,2025,0.0911
Southeast Bank PLC,DERIVED METRICS,YoY Equity growth %,%,2024,-0.0156
Southeast Bank PLC,DERIVED METRICS,YoY Equity growth %,%,2023,0.0419
Southeast Bank PLC,DERIVED METRICS,YoY Equity growth %,%,2022,0.0256
Southeast Bank PLC,DERIVED METRICS,YoY Equity growth %,%,2021,0.0095
Southeast Bank PLC,DERIVED METRICS,YoY Equity growth %,%,2020,-0.0261
Southeast Bank PLC,DERIVED METRICS,YoY Equity growth %,%,2019,0.0848
Southeast Bank PLC,DERIVED METRICS,YoY Equity growth %,%,2018,0.0888
Southeast Bank PLC,DERIVED METRICS,YoY Equity growth %,%,2017,-0.0264
Southeast Bank PLC,DERIVED METRICS,YoY Equity growth %,%,2016,N/A
Southeast Bank PLC,DERIVED METRICS,YoY Equity growth %,%,2015,0.1085
Pubali Bank PLC,BALANCE SHEET (BDT million),Total Assets,Tk mn,2025,1180136.62
Pubali Bank PLC,BALANCE SHEET (BDT million),Total Assets,Tk mn,2024,981203.16
Pubali Bank PLC,BALANCE SHEET (BDT million),Total Assets,Tk mn,2023,814866.57
Pubali Bank PLC,BALANCE SHEET (BDT million),Total Assets,Tk mn,2022,712755.71
Pubali Bank PLC,BALANCE SHEET (BDT million),Total Assets,Tk mn,2021,629481.34
Pubali Bank PLC,BALANCE SHEET (BDT million),Total Assets,Tk mn,2020,565032.07
Pubali Bank PLC,BALANCE SHEET (BDT million),Total Assets,Tk mn,2019,478074.84
Pubali Bank PLC,BALANCE SHEET (BDT million),Total Assets,Tk mn,2018,409744.09
Pubali Bank PLC,BALANCE SHEET (BDT million),Total Assets,Tk mn,2017,368314.62
Pubali Bank PLC,BALANCE SHEET (BDT million),Total Assets,Tk mn,2016,320361.89
Pubali Bank PLC,BALANCE SHEET (BDT million),Total Assets,Tk mn,2015,N/A
Pubali Bank PLC,BALANCE SHEET (BDT million),Loans & Advances,Tk mn,2025,711406.26
Pubali Bank PLC,BALANCE SHEET (BDT million),Loans & Advances,Tk mn,2024,629254.27
Pubali Bank PLC,BALANCE SHEET (BDT million),Loans & Advances,Tk mn,2023,554495.5
Pubali Bank PLC,BALANCE SHEET (BDT million),Loans & Advances,Tk mn,2022,461884.13
Pubali Bank PLC,BALANCE SHEET (BDT million),Loans & Advances,Tk mn,2021,376656.43
Pubali Bank PLC,BALANCE SHEET (BDT million),Loans & Advances,Tk mn,2020,315578.9
Pubali Bank PLC,BALANCE SHEET (BDT million),Loans & Advances,Tk mn,2019,287034.67
Pubali Bank PLC,BALANCE SHEET (BDT million),Loans & Advances,Tk mn,2018,270909.51
Pubali Bank PLC,BALANCE SHEET (BDT million),Loans & Advances,Tk mn,2017,239539.6
Pubali Bank PLC,BALANCE SHEET (BDT million),Loans & Advances,Tk mn,2016,203011.23
Pubali Bank PLC,BALANCE SHEET (BDT million),Loans & Advances,Tk mn,2015,N/A
Pubali Bank PLC,BALANCE SHEET (BDT million),Total Deposits,Tk mn,2025,895194.94
Pubali Bank PLC,BALANCE SHEET (BDT million),Total Deposits,Tk mn,2024,745231.77
Pubali Bank PLC,BALANCE SHEET (BDT million),Total Deposits,Tk mn,2023,606296.41
Pubali Bank PLC,BALANCE SHEET (BDT million),Total Deposits,Tk mn,2022,510836.52
Pubali Bank PLC,BALANCE SHEET (BDT million),Total Deposits,Tk mn,2021,462400.22
Pubali Bank PLC,BALANCE SHEET (BDT million),Total Deposits,Tk mn,2020,429343.02
Pubali Bank PLC,BALANCE SHEET (BDT million),Total Deposits,Tk mn,2019,359418.89
Pubali Bank PLC,BALANCE SHEET (BDT million),Total Deposits,Tk mn,2018,308899.77
Pubali Bank PLC,BALANCE SHEET (BDT million),Total Deposits,Tk mn,2017,271605.83
Pubali Bank PLC,BALANCE SHEET (BDT million),Total Deposits,Tk mn,2016,247278.5
Pubali Bank PLC,BALANCE SHEET (BDT million),Total Deposits,Tk mn,2015,N/A
Pubali Bank PLC,BALANCE SHEET (BDT million),Shareholders' Equity,Tk mn,2025,69611.97
Pubali Bank PLC,BALANCE SHEET (BDT million),Shareholders' Equity,Tk mn,2024,52605.95
Pubali Bank PLC,BALANCE SHEET (BDT million),Shareholders' Equity,Tk mn,2023,46844.04
Pubali Bank PLC,BALANCE SHEET (BDT million),Shareholders' Equity,Tk mn,2022,42486.09
Pubali Bank PLC,BALANCE SHEET (BDT million),Shareholders' Equity,Tk mn,2021,39453.55
Pubali Bank PLC,BALANCE SHEET (BDT million),Shareholders' Equity,Tk mn,2020,38808.04
Pubali Bank PLC,BALANCE SHEET (BDT million),Shareholders' Equity,Tk mn,2019,32271.71
Pubali Bank PLC,BALANCE SHEET (BDT million),Shareholders' Equity,Tk mn,2018,27377.1
Pubali Bank PLC,BALANCE SHEET (BDT million),Shareholders' Equity,Tk mn,2017,24420.31
Pubali Bank PLC,BALANCE SHEET (BDT million),Shareholders' Equity,Tk mn,2016,25144.4
Pubali Bank PLC,BALANCE SHEET (BDT million),Shareholders' Equity,Tk mn,2015,N/A
Pubali Bank PLC,INCOME STATEMENT (BDT million),Net Interest Income,Tk mn,2025,9495.7
Pubali Bank PLC,INCOME STATEMENT (BDT million),Net Interest Income,Tk mn,2024,15081.43
Pubali Bank PLC,INCOME STATEMENT (BDT million),Net Interest Income,Tk mn,2023,10019.77
Pubali Bank PLC,INCOME STATEMENT (BDT million),Net Interest Income,Tk mn,2022,6572.6
Pubali Bank PLC,INCOME STATEMENT (BDT million),Net Interest Income,Tk mn,2021,836.88
Pubali Bank PLC,INCOME STATEMENT (BDT million),Net Interest Income,Tk mn,2020,2865.04
Pubali Bank PLC,INCOME STATEMENT (BDT million),Net Interest Income,Tk mn,2019,8368.88
Pubali Bank PLC,INCOME STATEMENT (BDT million),Net Interest Income,Tk mn,2018,9021.49
Pubali Bank PLC,INCOME STATEMENT (BDT million),Net Interest Income,Tk mn,2017,7855.9
Pubali Bank PLC,INCOME STATEMENT (BDT million),Net Interest Income,Tk mn,2016,7144.23
Pubali Bank PLC,INCOME STATEMENT (BDT million),Net Interest Income,Tk mn,2015,N/A
Pubali Bank PLC,INCOME STATEMENT (BDT million),Non-Interest Income,Tk mn,2025,7126.15
Pubali Bank PLC,INCOME STATEMENT (BDT million),Non-Interest Income,Tk mn,2024,6545.02
Pubali Bank PLC,INCOME STATEMENT (BDT million),Non-Interest Income,Tk mn,2023,4897.96
Pubali Bank PLC,INCOME STATEMENT (BDT million),Non-Interest Income,Tk mn,2022,4881.74
Pubali Bank PLC,INCOME STATEMENT (BDT million),Non-Interest Income,Tk mn,2021,3616.72
Pubali Bank PLC,INCOME STATEMENT (BDT million),Non-Interest Income,Tk mn,2020,15458.99
Pubali Bank PLC,INCOME STATEMENT (BDT million),Non-Interest Income,Tk mn,2019,10041
Pubali Bank PLC,INCOME STATEMENT (BDT million),Non-Interest Income,Tk mn,2018,8237.97
Pubali Bank PLC,INCOME STATEMENT (BDT million),Non-Interest Income,Tk mn,2017,8293.92
Pubali Bank PLC,INCOME STATEMENT (BDT million),Non-Interest Income,Tk mn,2016,6804.81
Pubali Bank PLC,INCOME STATEMENT (BDT million),Non-Interest Income,Tk mn,2015,N/A
Pubali Bank PLC,INCOME STATEMENT (BDT million),Net Profit After Tax,Tk mn,2025,10795.56
Pubali Bank PLC,INCOME STATEMENT (BDT million),Net Profit After Tax,Tk mn,2024,7624.52
Pubali Bank PLC,INCOME STATEMENT (BDT million),Net Profit After Tax,Tk mn,2023,6808.47
Pubali Bank PLC,INCOME STATEMENT (BDT million),Net Profit After Tax,Tk mn,2022,5321.77
Pubali Bank PLC,INCOME STATEMENT (BDT million),Net Profit After Tax,Tk mn,2021,3904.55
Pubali Bank PLC,INCOME STATEMENT (BDT million),Net Profit After Tax,Tk mn,2020,3669.51
Pubali Bank PLC,INCOME STATEMENT (BDT million),Net Profit After Tax,Tk mn,2019,2143.27
Pubali Bank PLC,INCOME STATEMENT (BDT million),Net Profit After Tax,Tk mn,2018,3424.06
Pubali Bank PLC,INCOME STATEMENT (BDT million),Net Profit After Tax,Tk mn,2017,-281.2
Pubali Bank PLC,INCOME STATEMENT (BDT million),Net Profit After Tax,Tk mn,2016,1334.95
Pubali Bank PLC,INCOME STATEMENT (BDT million),Net Profit After Tax,Tk mn,2015,N/A
Pubali Bank PLC,PER-SHARE & PROFITABILITY,EPS,BDT,2025,8.3
Pubali Bank PLC,PER-SHARE & PROFITABILITY,EPS,BDT,2024,5.86
Pubali Bank PLC,PER-SHARE & PROFITABILITY,EPS,BDT,2023,5.89
Pubali Bank PLC,PER-SHARE & PROFITABILITY,EPS,BDT,2022,5.18
Pubali Bank PLC,PER-SHARE & PROFITABILITY,EPS,BDT,2021,3.8
Pubali Bank PLC,PER-SHARE & PROFITABILITY,EPS,BDT,2020,3.57
Pubali Bank PLC,PER-SHARE & PROFITABILITY,EPS,BDT,2019,2.08
Pubali Bank PLC,PER-SHARE & PROFITABILITY,EPS,BDT,2018,3.33
Pubali Bank PLC,PER-SHARE & PROFITABILITY,EPS,BDT,2017,-0.28
Pubali Bank PLC,PER-SHARE & PROFITABILITY,EPS,BDT,2016,1.4
Pubali Bank PLC,PER-SHARE & PROFITABILITY,EPS,BDT,2015,N/A
Pubali Bank PLC,PER-SHARE & PROFITABILITY,ROA %,%,2025,0.01
Pubali Bank PLC,PER-SHARE & PROFITABILITY,ROA %,%,2024,0.0085
Pubali Bank PLC,PER-SHARE & PROFITABILITY,ROA %,%,2023,0.0089
Pubali Bank PLC,PER-SHARE & PROFITABILITY,ROA %,%,2022,0.0079
Pubali Bank PLC,PER-SHARE & PROFITABILITY,ROA %,%,2021,0.0065
Pubali Bank PLC,PER-SHARE & PROFITABILITY,ROA %,%,2020,0.0065
Pubali Bank PLC,PER-SHARE & PROFITABILITY,ROA %,%,2019,0.0045
Pubali Bank PLC,PER-SHARE & PROFITABILITY,ROA %,%,2018,0.0084
Pubali Bank PLC,PER-SHARE & PROFITABILITY,ROA %,%,2017,-0.0008
Pubali Bank PLC,PER-SHARE & PROFITABILITY,ROA %,%,2016,0.0042
Pubali Bank PLC,PER-SHARE & PROFITABILITY,ROA %,%,2015,N/A
Pubali Bank PLC,PER-SHARE & PROFITABILITY,ROE %,%,2025,0.1551
Pubali Bank PLC,PER-SHARE & PROFITABILITY,ROE %,%,2024,0.1457
Pubali Bank PLC,PER-SHARE & PROFITABILITY,ROE %,%,2023,0.1526
Pubali Bank PLC,PER-SHARE & PROFITABILITY,ROE %,%,2022,0.1253
Pubali Bank PLC,PER-SHARE & PROFITABILITY,ROE %,%,2021,0.0982
Pubali Bank PLC,PER-SHARE & PROFITABILITY,ROE %,%,2020,0.0946
Pubali Bank PLC,PER-SHARE & PROFITABILITY,ROE %,%,2019,0.0751
Pubali Bank PLC,PER-SHARE & PROFITABILITY,ROE %,%,2018,0.1251
Pubali Bank PLC,PER-SHARE & PROFITABILITY,ROE %,%,2017,-0.0115
Pubali Bank PLC,PER-SHARE & PROFITABILITY,ROE %,%,2016,0.0531
Pubali Bank PLC,PER-SHARE & PROFITABILITY,ROE %,%,2015,N/A
Pubali Bank PLC,ASSET QUALITY,Loan-Deposit Ratio %,%,2025,0.7253
Pubali Bank PLC,ASSET QUALITY,Loan-Deposit Ratio %,%,2024,0.7732
Pubali Bank PLC,ASSET QUALITY,Loan-Deposit Ratio %,%,2023,0.8685
Pubali Bank PLC,ASSET QUALITY,Loan-Deposit Ratio %,%,2022,0.8479
Pubali Bank PLC,ASSET QUALITY,Loan-Deposit Ratio %,%,2021,0.7758
Pubali Bank PLC,ASSET QUALITY,Loan-Deposit Ratio %,%,2020,0.7071
Pubali Bank PLC,ASSET QUALITY,Loan-Deposit Ratio %,%,2019,0.7621
Pubali Bank PLC,ASSET QUALITY,Loan-Deposit Ratio %,%,2018,0.8294
Pubali Bank PLC,ASSET QUALITY,Loan-Deposit Ratio %,%,2017,0.8334
Pubali Bank PLC,ASSET QUALITY,Loan-Deposit Ratio %,%,2016,0.821
Pubali Bank PLC,ASSET QUALITY,Loan-Deposit Ratio %,%,2015,N/A
Pubali Bank PLC,ASSET QUALITY,NPL % (gross),%,2025,0.022
Pubali Bank PLC,ASSET QUALITY,NPL % (gross),%,2024,0.0436
Pubali Bank PLC,ASSET QUALITY,NPL % (gross),%,2023,0.0286
Pubali Bank PLC,ASSET QUALITY,NPL % (gross),%,2022,0.0262
Pubali Bank PLC,ASSET QUALITY,NPL % (gross),%,2021,0.0305
Pubali Bank PLC,ASSET QUALITY,NPL % (gross),%,2020,0.0273
Pubali Bank PLC,ASSET QUALITY,NPL % (gross),%,2019,0.0438
Pubali Bank PLC,ASSET QUALITY,NPL % (gross),%,2018,0.0546
Pubali Bank PLC,ASSET QUALITY,NPL % (gross),%,2017,0.0868
Pubali Bank PLC,ASSET QUALITY,NPL % (gross),%,2016,0.0538
Pubali Bank PLC,ASSET QUALITY,NPL % (gross),%,2015,N/A
Pubali Bank PLC,ASSET QUALITY,Provision Coverage %,%,2025,1
Pubali Bank PLC,ASSET QUALITY,Provision Coverage %,%,2024,1.0015
Pubali Bank PLC,ASSET QUALITY,Provision Coverage %,%,2023,1.0031
Pubali Bank PLC,ASSET QUALITY,Provision Coverage %,%,2022,1.0013
Pubali Bank PLC,ASSET QUALITY,Provision Coverage %,%,2021,1.0011
Pubali Bank PLC,ASSET QUALITY,Provision Coverage %,%,2020,1.0619
Pubali Bank PLC,ASSET QUALITY,Provision Coverage %,%,2019,1.0001
Pubali Bank PLC,ASSET QUALITY,Provision Coverage %,%,2018,1
Pubali Bank PLC,ASSET QUALITY,Provision Coverage %,%,2017,1.0001
Pubali Bank PLC,ASSET QUALITY,Provision Coverage %,%,2016,1.0697
Pubali Bank PLC,ASSET QUALITY,Provision Coverage %,%,2015,N/A
Pubali Bank PLC,CAPITAL & EFFICIENCY,CRAR % (Group),%,2025,0.1534
Pubali Bank PLC,CAPITAL & EFFICIENCY,CRAR % (Group),%,2024,0.1377
Pubali Bank PLC,CAPITAL & EFFICIENCY,CRAR % (Group),%,2023,0.1387
Pubali Bank PLC,CAPITAL & EFFICIENCY,CRAR % (Group),%,2022,0.1384
Pubali Bank PLC,CAPITAL & EFFICIENCY,CRAR % (Group),%,2021,0.1423
Pubali Bank PLC,CAPITAL & EFFICIENCY,CRAR % (Group),%,2020,0.1473
Pubali Bank PLC,CAPITAL & EFFICIENCY,CRAR % (Group),%,2019,0.138
Pubali Bank PLC,CAPITAL & EFFICIENCY,CRAR % (Group),%,2018,0.1217
Pubali Bank PLC,CAPITAL & EFFICIENCY,CRAR % (Group),%,2017,0.1234
Pubali Bank PLC,CAPITAL & EFFICIENCY,CRAR % (Group),%,2016,0.1122
Pubali Bank PLC,CAPITAL & EFFICIENCY,CRAR % (Group),%,2015,N/A
Pubali Bank PLC,CAPITAL & EFFICIENCY,Cost-to-Income Ratio % (Group),%,2025,0.4447
Pubali Bank PLC,CAPITAL & EFFICIENCY,Cost-to-Income Ratio % (Group),%,2024,0.4605
Pubali Bank PLC,CAPITAL & EFFICIENCY,Cost-to-Income Ratio % (Group),%,2023,0.4975
Pubali Bank PLC,CAPITAL & EFFICIENCY,Cost-to-Income Ratio % (Group),%,2022,0.55
Pubali Bank PLC,CAPITAL & EFFICIENCY,Cost-to-Income Ratio % (Group),%,2021,0.5308
Pubali Bank PLC,CAPITAL & EFFICIENCY,Cost-to-Income Ratio % (Group),%,2020,0.5427
Pubali Bank PLC,CAPITAL & EFFICIENCY,Cost-to-Income Ratio % (Group),%,2019,0.4863
Pubali Bank PLC,CAPITAL & EFFICIENCY,Cost-to-Income Ratio % (Group),%,2018,0.4868
Pubali Bank PLC,CAPITAL & EFFICIENCY,Cost-to-Income Ratio % (Group),%,2017,0.4948
Pubali Bank PLC,CAPITAL & EFFICIENCY,Cost-to-Income Ratio % (Group),%,2016,0.53
Pubali Bank PLC,CAPITAL & EFFICIENCY,Cost-to-Income Ratio % (Group),%,2015,N/A
Pubali Bank PLC,DERIVED METRICS,Estimated NPL amount,Tk mn,2025,15643.59
Pubali Bank PLC,DERIVED METRICS,Estimated NPL amount,Tk mn,2024,27407.76
Pubali Bank PLC,DERIVED METRICS,Estimated NPL amount,Tk mn,2023,15862.02
Pubali Bank PLC,DERIVED METRICS,Estimated NPL amount,Tk mn,2022,12121.23
Pubali Bank PLC,DERIVED METRICS,Estimated NPL amount,Tk mn,2021,11480.11
Pubali Bank PLC,DERIVED METRICS,Estimated NPL amount,Tk mn,2020,8622.01
Pubali Bank PLC,DERIVED METRICS,Estimated NPL amount,Tk mn,2019,12560.6
Pubali Bank PLC,DERIVED METRICS,Estimated NPL amount,Tk mn,2018,14778.27
Pubali Bank PLC,DERIVED METRICS,Estimated NPL amount,Tk mn,2017,20786.94
Pubali Bank PLC,DERIVED METRICS,Estimated NPL amount,Tk mn,2016,10921.46
Pubali Bank PLC,DERIVED METRICS,Estimated NPL amount,Tk mn,2015,N/A
Pubali Bank PLC,DERIVED METRICS,NPL / Total Assets %,%,2025,0.0133
Pubali Bank PLC,DERIVED METRICS,NPL / Total Assets %,%,2024,0.0279
Pubali Bank PLC,DERIVED METRICS,NPL / Total Assets %,%,2023,0.0195
Pubali Bank PLC,DERIVED METRICS,NPL / Total Assets %,%,2022,0.017
Pubali Bank PLC,DERIVED METRICS,NPL / Total Assets %,%,2021,0.0182
Pubali Bank PLC,DERIVED METRICS,NPL / Total Assets %,%,2020,0.0153
Pubali Bank PLC,DERIVED METRICS,NPL / Total Assets %,%,2019,0.0263
Pubali Bank PLC,DERIVED METRICS,NPL / Total Assets %,%,2018,0.0361
Pubali Bank PLC,DERIVED METRICS,NPL / Total Assets %,%,2017,0.0564
Pubali Bank PLC,DERIVED METRICS,NPL / Total Assets %,%,2016,0.0341
Pubali Bank PLC,DERIVED METRICS,NPL / Total Assets %,%,2015,N/A
Pubali Bank PLC,DERIVED METRICS,YoY NPAT growth %,%,2025,0.416
Pubali Bank PLC,DERIVED METRICS,YoY NPAT growth %,%,2024,0.1199
Pubali Bank PLC,DERIVED METRICS,YoY NPAT growth %,%,2023,0.2794
Pubali Bank PLC,DERIVED METRICS,YoY NPAT growth %,%,2022,0.363
Pubali Bank PLC,DERIVED METRICS,YoY NPAT growth %,%,2021,N/A
Pubali Bank PLC,DERIVED METRICS,YoY NPAT growth %,%,2020,0.7122
Pubali Bank PLC,DERIVED METRICS,YoY NPAT growth %,%,2019,-0.374
Pubali Bank PLC,DERIVED METRICS,YoY NPAT growth %,%,2018,N/M
Pubali Bank PLC,DERIVED METRICS,YoY NPAT growth %,%,2017,-1.2107
Pubali Bank PLC,DERIVED METRICS,YoY NPAT growth %,%,2016,N/A
Pubali Bank PLC,DERIVED METRICS,YoY NPAT growth %,%,2015,N/A
Pubali Bank PLC,DERIVED METRICS,YoY Equity growth %,%,2025,0.3233
Pubali Bank PLC,DERIVED METRICS,YoY Equity growth %,%,2024,0.123
Pubali Bank PLC,DERIVED METRICS,YoY Equity growth %,%,2023,0.1026
Pubali Bank PLC,DERIVED METRICS,YoY Equity growth %,%,2022,0.0769
Pubali Bank PLC,DERIVED METRICS,YoY Equity growth %,%,2021,N/A
Pubali Bank PLC,DERIVED METRICS,YoY Equity growth %,%,2020,0.2025
Pubali Bank PLC,DERIVED METRICS,YoY Equity growth %,%,2019,0.1788
Pubali Bank PLC,DERIVED METRICS,YoY Equity growth %,%,2018,0.1211
Pubali Bank PLC,DERIVED METRICS,YoY Equity growth %,%,2017,-0.0288
Pubali Bank PLC,DERIVED METRICS,YoY Equity growth %,%,2016,N/A
Pubali Bank PLC,DERIVED METRICS,YoY Equity growth %,%,2015,N/A
